punto;norte;este;altitud;prof;ca
L-X,6,PZEA9511-1;9530877.853;484643.375;297;0.4;0006-5-2025-102
L-X,6,PZEA9511-2;9530885.166;484645.767;297;0.4;0006-5-2025-102
L-X,6,PZEA9511-3;9530900.111;484647.481;297;0.4;0006-5-2025-102
L-X,6,PZEA9511-4;9530903.852;484656.817;297;0.4;0006-5-2025-102
L-X,6,PZEA9511-5;9530907.596;484660.662;297;0.4;0006-5-2025-102
L-X,6,PZEA9511-6;9530913.276;484669.867;297;0.4;0006-5-2025-102
L-X,6,PZEA2069-1;9531092.876;484480.913;291;0.25;0006-5-2025-102
L-X,6,PZEA2069-2;9531091.021;484480.937;291;0.25;0006-5-2025-102
L-X,6,PZEA2069-3;9531089.134;484482.784;291;0.25;0006-5-2025-102
L-X,6,PZEA2069-4;9531089.316;484484.556;291;0.1;0006-5-2025-102
L-X,6,PZEA2069-5;9531092.876;484484.654;291;0.1;0006-5-2025-102
L-X,6,PZEA2069-6;9531092.876;484486.525;291;0.1;0006-5-2025-102
L-X,6,PZEA2069-7;9531094.746;484486.525;291;0.1;0006-5-2025-102
L-X,6,PZEA2069-8;9531094.695;484488.018;291;0.1;0006-5-2025-102
L-X,6,PZEA2069-9;9531094.746;484480.913;291;0.25;0006-5-2025-102
L-X,6,PZEA299-1;9530982.376;484204.151;297;0.1;0006-5-2025-102
L-X,6,PZEA299-2;9530980.626;484207.772;297;0.1;0006-5-2025-102
L-X,6,PZEA299-3;9530982.497;484209.642;297;0.1;0006-5-2025-102
L-X,6,PZEA299-4;9530982.44;484211.129;297;0.1;0006-5-2025-102
L-X,6,PZEA299-5;9530980.527;484211.309;297;0.1;0006-5-2025-102
L-X,6,PZEA2209-1;9530714.968;484232.092;297;0.4;0006-5-2025-102
L-X,6,PZEA2209-2;9530713.1;484232.095;297;0.4;0006-5-2025-102
L-X,6,PZEA2209-3;9530716.839;484232.092;297;0.4;0006-5-2025-102
L-X,6,PZEA2209-4;9530718.771;484237.534;297;0.4;0006-5-2025-102
L-X,6,PZEA2209-5R;9530763.61;484258.284;297;0.25;0006-5-2025-102
L-X,6,PZEA2209-6;9530756.126;484258.284;297;0.25;0006-5-2025-102
L-X,6,PZEA2209-7;9530756.201;484260.07;297;0.25;0006-5-2025-102
L-X,6,PZEA2209-8;9530752.281;484260.051;297;0.25;0006-5-2025-102
L-X,6,PZEA2209-9;9530752.385;484258.284;297;0.25;0006-5-2025-102
L-X,6,PZEA2209-10;9530752.385;484256.413;297;0.25;0006-5-2025-102
L-X,6,PZEA9521-1R;9530630.93;484035.665;297;0.2;0006-5-2025-102
L-X,6,PZEA9521-2;9530630.781;484048.751;297;0.2;0006-5-2025-102
L-X,6,PZEA9521-3;9530630.781;484050.622;297;0.2;0006-5-2025-102
L-X,6,PZEA9521-4;9530629.048;484050.701;297;0.2;0006-5-2025-102
L-X,6,PZEA9521-5;9530634.477;484029.998;297;0.15;0006-5-2025-102
L-X,6,PZEA9521-6;9530643.768;484022.491;297;0.15;0006-5-2025-102
L-X,6,PZEA1685-1;9531096.622;485042.157;297;0.15;0006-5-2025-102
L-X,6,PZEA1685-2;9531098.461;485042.19;297;0.15;0006-5-2025-102
L-X,6,PZEA1685-3;9531100.476;485045.735;297;0.15;0006-5-2025-102
L-X,6,PZEA1685-4;9531109.713;485049.645;297;0.15;0006-5-2025-102
L-X,6,PZEA1685-5;9531111.296;485053.328;297;0.15;0006-5-2025-102
L-X,6,PZEA9421-9;9532078.803;486632.366;307;0.1;0006-5-2025-102
L-X,6,PZEA9421-10;9532073.19;486624.883;307;0.2;0006-5-2025-102
L-X,6,PZEA9421-11;9532076.932;486621.141;307;0.2;0006-5-2025-102
L-X,6,PZEA1225-14;9532037.645;486830.674;310;0.4;0006-5-2025-102
L-X,6,PZEA1225-15;9532039.255;486826.943;310;0.4;0006-5-2025-102
L-X,6,PZEA1225-16;9532032.032;486802.612;310;0.4;0006-5-2025-102
L-X,6,PZEA1225-17;9532041.386;486806.353;310;0.4;0006-5-2025-102
L-X,6,PZEA1225-18;9532050.741;486811.966;310;0.4;0006-5-2025-102
L-X,6,PZEA1792-9;9532623.003;486282.348;298;0.2;0006-5-2025-102
L-X,6,PZEA9436-5;9532275.24;485921.451;309;0.1;0006-5-2025-102
L-X,6,PZEA9436-6;9532282.725;485927.061;309;0.1;0006-5-2025-102
L-X,6,PZEA1759-11;9531902.945;486162.788;307;0.15;0006-5-2025-102
L-X,6,PZEA1759-12;9531902.98;486160.985;307;0.15;0006-5-2025-102
L-X,6,PZEA1759-13;9531895.474;486157.191;307;0.4;0006-5-2025-102
L-X,6,PZEA1759-14;9531899.214;486160.904;307;0.4;0006-5-2025-102
L-X,6,PZEA1350-1;9531893.458;485489.067;317;0.4;0006-5-2025-102
L-X,6,PZEA1350-2;9531891.72;485489.29;317;0.4;0006-5-2025-102
L-X,6,PZEA1350-3;9531887.978;485493.031;317;0.4;0006-5-2025-102
L-X,6,PZEA1350-4;9531887.62;485496.773;317;0.4;0006-5-2025-102
L-X,6,PZEA1350-5;9531889.936;485496.823;317;0.4;0006-5-2025-102
L-X,6,PZEA1350-6;9531893.565;485498.62;317;0.1;0006-5-2025-102
L-X,6,PZEA1350-7;9531895.322;485496.664;317;0.1;0006-5-2025-102
L-X,6,PZEA1350-8;9531893.59;485494.902;317;0.4;0006-5-2025-102
L-X,6,PZEA1350-9;9531895.452;485502.395;317;0.1;0006-5-2025-102
L-X,6,PZEA1350-10;9531893.59;485506.595;317;0.1;0006-5-2025-102
L-X,6,PZEA1350-11;9531892.037;485507.954;317;0.1;0006-5-2025-102
L-X,6,PZEA2223-1R;9531637.504;485480.239;303;0.1;0006-5-2025-102
L-X,6,PZEA2223-2;9531633.544;485483.677;303;0.1;0006-5-2025-102
L-X,6,PZEA2223-3;9531627.929;485481.81;303;0.1;0006-5-2025-102
L-X,6,PZEA2223-4;9531626.107;485481.7;303;0.1;0006-5-2025-102
L-X,6,PZEA2157-1;9531560.507;483861.98;299;0.15;0006-5-2025-102
L-X,6,PZEA2157-2;9531560.583;483865.41;299;0.15;0006-5-2025-102
L-X,6,PZEA2157-3;9531560.583;483867.281;299;0.15;0006-5-2025-102
L-X,6,PZEA2157-4;9531560.77;483869.034;299;0.15;0006-5-2025-102
L-X,6,PZEA2157-5;9531562.454;483869.152;299;0.15;0006-5-2025-102
L-X,6,PZEA2157-6;9531564.324;483865.41;299;0.15;0006-5-2025-102
L-X,6,PZEA2157-7;9531581.405;483873.086;299;0.15;0006-5-2025-102
L-X,6,PZEA2157-8;9531581.409;483874.732;299;0.15;0006-5-2025-102
L-X,6,PZEA2157-9;9531581.55;483876.594;299;0.15;0006-5-2025-102
L-X,6,PZEA2157-10;9531582.941;483876.563;299;0.15;0006-5-2025-102
L-X,6,PZEA2216-1;9531266.581;483766.461;301;0.25;0006-5-2025-102
L-X,6,PZEA2216-2;9531266.754;483767.996;301;0.25;0006-5-2025-102
L-X,6,PZEA2216-3;9531264.992;483768.127;301;0.25;0006-5-2025-102
L-X,6,PZEA9523-1;9531085.392;483700.777;303;0.2;0006-5-2025-102
L-X,6,PZEA9523-2;9531087.263;483700.777;303;0.2;0006-5-2025-102
L-X,6,PZEA9523-3;9531087.064;483704.338;303;0.2;0006-5-2025-102
L-X,6,PZEA9523-4;9531083.521;483702.648;303;0.2;0006-5-2025-102
L-X,6,PZEA1289-1;9531328.6;483414.54;307;0.4;0006-5-2025-102
L-X,6,PZEA1289-2;9531330.471;483414.54;307;0.4;0006-5-2025-102
L-X,6,PZEA1289-3;9531326.729;483416.411;307;0.4;0006-5-2025-102
L-X,6,PZEA1289-4R;9531336.084;483416.412;307;0.1;0006-5-2025-102
L-X,6,PZEA1289-5;9531317.61;483433.193;307;0.25;0006-5-2025-102
L-X,6,PZEA1289-6;9531319.246;483433.249;307;0.25;0006-5-2025-102
L-X,6,PZEA1289-7;9531321.117;483433.249;307;0.25;0006-5-2025-102
L-X,6,PZEA1289-8;9531320.938;483435.127;307;0.25;0006-5-2025-102
L-X,6,PZEA1289-9;9531332.342;483429.507;307;0.1;0006-5-2025-102
L-X,6,PZEA1289-10;9531336.084;483422.024;307;0.1;0006-5-2025-102
L-X,6,PZEA9441-1;9531023.655;483450.086;309;0.1;0006-5-2025-102
L-X,6,PZEA9441-2;9531025.265;483450.151;309;0.1;0006-5-2025-102
L-X,6,PZEA9441-3;9531023.655;483451.957;309;0.1;0006-5-2025-102
L-X,6,PZEA9441-4;9531021.948;483451.896;309;0.1;0006-5-2025-102
L-X,6,PZEA9441-5R;9531077.896;483461.449;309;0.2;0006-5-2025-102
L-X,6,PZEA9441-6R;9531077.909;483463.182;309;0.2;0006-5-2025-102
L-X,6,PZEA9441-7;9531079.78;483463.182;309;0.15;0006-5-2025-102
L-X,6,PZEA9441-8;9531079.901;483461.566;309;0.15;0006-5-2025-102
L-X,6,PZEA9441-9;9531094.757;483461.322;309;0.2;0006-5-2025-102
L-X,6,PZEA9441-10;9531081.651;483457.57;309;0.1;0006-5-2025-102
L-X,6,PZEA2131-1;9531409.018;484009.503;234;0.4;0006-5-2025-102
L-X,6,PZEA2131-2;9531410.852;484009.74;234;0.4;0006-5-2025-102
L-X,6,PZEA2131-3;9531414.657;484011.336;234;0.4;0006-5-2025-102
L-X,6,PZEA2131-4;9531416.529;484013.206;234;0.4;0006-5-2025-102
L-X,6,PZEA2131-5R;9531431.496;484020.689;234;0.2;0006-5-2025-102
L-X,6,PZEA2131-6;9531422.141;484013.206;234;0.1;0006-5-2025-102
L-X,6,PZEA2131-7;9531423.86;484013.356;234;0.1;0006-5-2025-102
L-X,6,PZEA2131-8;9531424.012;484015.076;234;0.1;0006-5-2025-102
L-X,6,PZEA2131-9;9531424.012;484016.947;234;0.1;0006-5-2025-102
L-X,6,PZEA2131-10;9531422.141;484016.947;234;0.1;0006-5-2025-102
L-X,6,PZEA2131-12;9531429.625;484018.819;234;0.2;0006-5-2025-102
L-X,6,PZEA9054-1R;9531162.122;483992.604;290;0.4;0006-5-2025-102
L-X,6,PZEA9054-2R;9531184.547;484000.11;290;0.4;0006-5-2025-102
L-X,6,PZEA9054-3R;9531177.063;484001.981;290;0.4;0006-5-2025-102
L-X,6,PZEA9054-4R;9531169.58;484000.11;290;0.4;0006-5-2025-102
L-X,6,PZEA9054-5;9531152.742;483973.918;290;0.1;0006-5-2025-102
L-X,6,PZEA9054-6;9531152.742;483975.789;290;0.1;0006-5-2025-102
L-X,6,PZEA9054-7;9531154.387;483975.64;290;0.1;0006-5-2025-102
L-X,6,PZEA9054-8;9531152.725;483977.652;290;0.1;0006-5-2025-102
L-X,6,PZEA9464-1;9531747.397;483882.043;277;0.2;0006-5-2025-102
L-X,6,PZEA9464-2R;9531751.048;483878.506;277;0.2;0006-5-2025-102
L-X,6,PZEA9464-3;9531745.795;483885.989;277;0.2;0006-5-2025-102
L-X,6,PZEA9464-4;9531747.666;483900.956;277;0.15;0006-5-2025-102
L-X,6,PZEA9464-5;9531749.537;483900.956;277;0.15;0006-5-2025-102
L-X,6,PZEA9464-6R;9531736.441;483902.827;277;0.1;0006-5-2025-102
L-X,6,PZEA9464-7R;9531743.925;483895.344;277;0.1;0006-5-2025-102
L-X,6,PZEA2156-1;9531128.231;484189.033;288;0.1;0006-5-2025-102
L-X,6,PZEA2156-2;9531130.182;484192.725;288;0.1;0006-5-2025-102
L-X,6,PZEA2156-3;9531126.566;484194.695;288;0.1;0006-5-2025-102
L-X,6,PZEA2156-4;9531126.332;484198.246;288;0.1;0006-5-2025-102
L-X,6,PZEA2156-5;9531122.809;484200.288;288;0.1;0006-5-2025-102
L-X,6,PZEA2156-6;9531122.809;484202.159;288;0.1;0006-5-2025-102
L-X,6,PZEA2156-7;9531122.908;484205.85;288;0.1;0006-5-2025-102
L-X,6,PZEA9324-1;9530603.058;483779.305;301;0.2;0006-5-2025-102
L-X,6,PZEA9324-2;9530604.587;483779.354;301;0.2;0006-5-2025-102
L-X,6,PZEA9324-3R;9530593.365;483743.806;301;0.2;0006-5-2025-102
L-X,6,PZEA9324-4R;9530595.235;483743.806;301;0.2;0006-5-2025-102
L-X,6,PZEA9324-5;9530606.284;483779.532;301;0.2;0006-5-2025-102
L-X,6,PZEA9324-6;9530587.755;483745.68;301;0.2;0006-5-2025-102
L-X,6,PZEA9323-1;9530907.493;483996.375;310;0.15;0006-5-2025-102
L-X,6,PZEA9323-2;9530903.922;484000.11;310;0.15;0006-5-2025-102
L-X,6,PZEA9323-3;9530902.051;484000.11;310;0.15;0006-5-2025-102
L-X,6,PZEA9323-4;9530900.181;484000.111;310;0.15;0006-5-2025-102
L-X,6,PZEA9323-5;9530902.051;484001.981;310;0.15;0006-5-2025-102
L-X,6,PZEA9323-6;9530905.784;484005.713;310;0.15;0006-5-2025-102
L-X,6,PZEA9323-7;9530890.789;484046.592;310;0.4;0006-5-2025-102
L-X,6,PZEA9323-8;9530888.992;484046.679;310;0.4;0006-5-2025-102
L-X,6,PZEA9323-9;9530892.697;484048.751;310;0.2;0006-5-2025-102
L-X,6,PZEA9323-10;9530894.553;484050.602;310;0.2;0006-5-2025-102
L-X,6,PZEA9323-11;9530896.438;484048.751;310;0.2;0006-5-2025-102
L-X,6,PZEA9323-12;9530896.439;484043.139;310;0.4;0006-5-2025-102
L-X,6,PZEA2531-1;9530969.696;483607.305;302;0.4;0006-5-2025-102
L-X,6,PZEA2531-2;9530969.401;483610.977;302;0.4;0006-5-2025-102
L-X,6,PZEA2531-3;9530969.401;483614.719;302;0.4;0006-5-2025-102
L-X,6,PZEA2531-4;9530973.142;483618.461;302;0.4;0006-5-2025-102
L-X,6,PZEA2531-5;9530973.164;483619.993;302;0.4;0006-5-2025-102
L-X,6,PZEA2531-6;9530969.401;483620.331;302;0.4;0006-5-2025-102
L-X,6,PZEA2531-7;9530967.53;483622.202;302;0.4;0006-5-2025-102
L-X,6,PZEA2531-8;9530974.799;483616.431;302;0.4;0006-5-2025-102
L-X,6,PZEA2531-9;9530978.755;483616.59;302;0.4;0006-5-2025-102
L-X,6,PZEA2531-10R;9530982.497;483612.848;302;0.4;0006-5-2025-102
L-X,6,PZEA2531-11;9530982.497;483616.59;302;0.4;0006-5-2025-102
L-X,6,PZEA2531-12;9530984.367;483616.59;302;0.4;0006-5-2025-102
L-X,6,PZEA2531-13;9530982.497;483618.461;302;0.4;0006-5-2025-102
L-X,6,PZEA2531-14R;9530984.367;483609.106;302;0.4;0006-5-2025-102
L-X,6,PZEA2531-15;9531010.532;483633.461;302;0.1;0006-5-2025-102
L-X,6,PZEA2531-16;9531029.267;483642.781;302;0.1;0006-5-2025-102
L-X,6,PZEA2531-17;9531031.138;483644.652;302;0.1;0006-5-2025-102
L-X,6,PZEA2531-18;9531031.138;483648.394;302;0.1;0006-5-2025-102
L-X,6,PZEA2531-19;9531021.634;483643.063;302;0.1;0006-5-2025-102
L-X,6,PZEA2531-20;9531018.054;483644.64;302;0.1;0006-5-2025-102
L-X,6,PZEA5642-1;9530192.97;483517.691;288;0.4;0006-5-2025-102
L-X,6,PZEA5642-2;9530193.007;483519.307;288;0.4;0006-5-2025-102
L-X,6,PZEA5642-3;9530194.878;483519.307;288;0.4;0006-5-2025-102
L-X,6,PZEA5642-4;9530252.862;483522.898;288;0.1;0006-5-2025-102
L-X,6,PZEA5642-5;9530249.177;483523.293;288;0.1;0006-5-2025-102
L-X,6,PZEA5642-6;9530247.224;483523.379;288;0.1;0006-5-2025-102
L-X,6,PZEA5642-7;9530241.685;483523.009;288;0.1;0006-5-2025-102
L-X,6,PZEA5642-8;9530224.72;483569.98;288;0.2;0006-5-2025-102
L-X,6,PZEA5642-9;9530224.811;483571.69;288;0.2;0006-5-2025-102
L-X,6,PZEA5642-10;9530222.94;483571.69;288;0.2;0006-5-2025-102
L-X,6,PZEA5642-11;9530222.94;483573.561;288;0.2;0006-5-2025-102
L-X,6,PZEA5642-12R;9530239.794;483580.951;288;0.1;0006-5-2025-102
L-X,6,PZEA5642-13;9530228.552;483577.302;288;0.1;0006-5-2025-102
L-X,6,PZEA5642-14R;9530235.949;483579.488;288;0.1;0006-5-2025-102
L-X,6,PZEA5642-15R;9530230.421;483577.305;288;0.1;0006-5-2025-102
L-X,6,PZEA5642-16;9530232.349;483579.093;288;0.1;0006-5-2025-102
L-X,6,PZEA9431-1;9530557.79;483470.965;307;0.4;0006-5-2025-102
L-X,6,PZEA9431-2;9530557.818;483472.536;307;0.4;0006-5-2025-102
L-X,6,PZEA9431-3;9530556.154;483472.711;307;0.4;0006-5-2025-102
L-X,6,PZEA9431-4;9530556.012;483474.058;307;0.4;0006-5-2025-102
L-X,6,PZEA9431-5;9530561.56;483481.89;307;0.25;0006-5-2025-102
L-X,6,PZEA9431-6;9530563.431;483481.89;307;0.25;0006-5-2025-102
L-X,6,PZEA9431-7;9530565.302;483483.761;307;0.25;0006-5-2025-102
L-X,6,PZEA9431-8;9530563.431;483485.632;307;0.25;0006-5-2025-102
L-X,6,PZEA9431-9R;9530565.302;483480.019;307;0.25;0006-5-2025-102
L-X,6,PZEA9431-10R;9530567.173;483485.632;307;0.25;0006-5-2025-102
L-X,6,PZEA2321-1;9530527.916;483117.1;275;0.4;0006-5-2025-102
L-X,6,PZEA2321-2;9530527.885;483118.949;275;0.4;0006-5-2025-102
L-X,6,PZEA2321-3;9530527.885;483120.82;275;0.4;0006-5-2025-102
L-X,6,PZEA2321-4;9530526.075;483120.858;275;0.4;0006-5-2025-102
L-X,6,PZEA2321-5;9530526.014;483124.562;275;0.2;0006-5-2025-102
L-X,6,PZEA2321-6R;9530535.369;483113.337;275;0.4;0006-5-2025-102
L-X,6,PZEA2321-7R;9530531.627;483118.949;275;0.4;0006-5-2025-102
L-X,6,PZEA2321-8R;9530535.369;483117.078;275;0.4;0006-5-2025-102
L-X,6,PZEA9432-1;9530890.812;483429.522;283;0.4;0006-5-2025-102
L-X,6,PZEA9432-2;9530892.697;483431.378;283;0.4;0006-5-2025-102
L-X,6,PZEA9432-3;9530889.153;483433.174;283;0.4;0006-5-2025-102
L-X,6,PZEA9432-4;9530890.826;483435.119;283;0.4;0006-5-2025-102
L-X,6,PZEA9432-5;9530892.697;483436.99;283;0.4;0006-5-2025-102
L-X,6,PZEA9432-6;9530894.568;483435.119;283;0.4;0006-5-2025-102
L-X,6,PZEA9432-7;9530894.568;483440.732;283;0.4;0006-5-2025-102
L-X,6,PZEA9461-1;9530033.986;484041.268;288;0.2;0006-5-2025-102
L-X,6,PZEA9461-2;9530033.986;484043.139;288;0.2;0006-5-2025-102
L-X,6,PZEA9461-3;9530033.981;484046.878;288;0.2;0006-5-2025-102
L-X,6,PZEA9461-4;9530032.116;484046.88;288;0.2;0006-5-2025-102
L-X,6,PZEA9461-5;9530030.544;484047.087;288;0.2;0006-5-2025-102
L-X,6,PZEA9461-6;9530033.962;484050.592;288;0.1;0006-5-2025-102
L-X,6,PZEA9461-7;9530039.371;484048.734;288;0.1;0006-5-2025-102
L-X,6,PZEA9461-8;9530005.957;484052.82;288;0.1;0006-5-2025-102
L-X,6,PZEA9461-9;9530020.891;484054.364;288;0.1;0006-5-2025-102
L-X,6,PZEA9461-10;9530019.037;484054.395;288;0.1;0006-5-2025-102
L-X,6,PZEA9461-11;9530017.142;484054.417;288;0.1;0006-5-2025-102
L-X,6,PZEA9461-12;9530017.227;484055.95;288;0.1;0006-5-2025-102
L-X,6,PZEA9508-1;9530185.509;483998.449;253;0.1;0006-5-2025-102
L-X,6,PZEA9508-2;9530187.379;483998.514;253;0.1;0006-5-2025-102
L-X,6,PZEA9508-3;9530189.227;483998.599;253;0.1;0006-5-2025-102
L-X,6,PZEA9508-4;9530192.9;483999.799;253;0.1;0006-5-2025-102
L-X,6,PZEA1518-1;9530308.998;484106.747;295;0.1;0006-5-2025-102
L-X,6,PZEA1518-2;9530308.843;484110.405;295;0.1;0006-5-2025-102
L-X,6,PZEA1518-3;9530307.446;484110.516;295;0.1;0006-5-2025-102
L-X,6,PZEA1518-4;9530307.338;484114.263;295;0.1;0006-5-2025-102
L-X,6,PZEA1518-5R;9530417.506;484138.551;295;0.3;0006-5-2025-102
L-X,6,PZEA1518-6;9530413.765;484140.422;295;0.3;0006-5-2025-102
L-X,6,PZEA1518-7R;9530417.506;484144.164;295;0.3;0006-5-2025-102
L-X,6,PZEA1518-8R;9530415.635;484142.293;295;0.3;0006-5-2025-102
L-X,6,PZEA9488-1;9530249.132;484187.193;293;0.2;0006-5-2025-102
L-X,6,PZEA9488-2;9530250.922;484187.297;293;0.2;0006-5-2025-102
L-X,6,PZEA9488-3R;9530252.709;484189.201;293;0.2;0006-5-2025-102
L-X,6,PZEA2038-1R;9530075.145;484189.063;305;0.4;0006-5-2025-102
L-X,6,PZEA2038-2R;9530078.886;484187.193;305;0.4;0006-5-2025-102
L-X,6,PZEA2038-3R;9530078.886;484192.805;305;0.4;0006-5-2025-102
L-X,6,PZEA2038-4;9530084.506;484200.294;305;0.35;0006-5-2025-102
L-X,6,PZEA2038-5;9530086.229;484200.448;305;0.35;0006-5-2025-102
L-X,6,PZEA2038-6;9530084.666;484202.047;305;0.35;0006-5-2025-102
L-X,6,PZEA2038-7;9530086.379;484204.021;305;0.35;0006-5-2025-102
L-X,6,PZEA9459-1;9530402.54;484413.563;300;0.2;0006-5-2025-102
L-X,6,PZEA9459-2;9530404.41;484413.563;300;0.2;0006-5-2025-102
L-X,6,PZEA9459-3;9530404.41;484414.966;300;0.2;0006-5-2025-102
L-X,6,PZEA9459-4;9530406.121;484413.752;300;0.2;0006-5-2025-102
L-X,6,PZEA1238-1;9530256.615;484359.309;299;0.2;0006-5-2025-102
L-X,6,PZEA1238-2;9530260.357;484363.05;299;0.2;0006-5-2025-102
L-X,6,PZEA1238-3;9530262.227;484361.18;299;0.2;0006-5-2025-102
L-X,6,PZEA1238-4;9530264.098;484364.921;299;0.2;0006-5-2025-102
L-X,6,PZEA1238-5;9530264.098;484366.792;299;0.2;0006-5-2025-102
L-X,6,PZEA1238-6;9530265.753;484366.818;299;0.2;0006-5-2025-102
L-X,6,PZEA1238-7;9530251.003;484361.18;299;0.15;0006-5-2025-102
L-X,6,PZEA1238-8R;9530251.002;484359.309;299;0.15;0006-5-2025-102
L-X,6,PZEA1238-9R;9530252.873;484361.18;299;0.15;0006-5-2025-102
L-X,6,PZEA1238-10R;9530254.741;484361.175;299;0.15;0006-5-2025-102
L-X,6,PZEA2332-1R;9529164.051;481543.712;292;0.15;0006-5-2025-102
L-X,6,PZEA2332-2;9529162.18;481549.324;292;0.15;0006-5-2025-102
L-X,6,PZEA2332-3;9529164.051;481547.453;292;0.15;0006-5-2025-102
L-X,6,PZEA2332-4R;9529167.792;481545.582;292;0.15;0006-5-2025-102
L-X,6,PZEA2332-5;9529188.317;481555.088;292;0.15;0006-5-2025-102
L-X,6,PZEA2332-6;9529188.486;481556.728;292;0.15;0006-5-2025-102
L-X,6,PZEA2332-7;9529190.242;481556.807;292;0.15;0006-5-2025-102
L-X,6,PZEA2332-8;9529190.246;481558.391;292;0.15;0006-5-2025-102
L-X,6,PZEA2332-9R;9529160.309;481562.419;292;0.4;0006-5-2025-102
L-X,6,PZEA2332-10R;9529165.922;481556.807;292;0.4;0006-5-2025-102
L-X,6,PZEA2332-11R;9529154.697;481569.903;292;0.4;0006-5-2025-102
L-X,6,PZEA2332-12R;9529156.567;481564.29;292;0.4;0006-5-2025-102
L-X,6,PZEA1509-1;9528589.811;479641.07;298;0.15;0006-5-2025-102
L-X,6,PZEA1509-2;9528591.577;479641.078;298;0.15;0006-5-2025-102
L-X,6,PZEA1509-3;9528593.38;479641.233;298;0.15;0006-5-2025-102
L-X,6,PZEA1509-4;9528574.74;479644.82;298;0.1;0006-5-2025-102
L-X,6,PZEA1509-5;9528574.742;479646.689;298;0.1;0006-5-2025-102
L-X,6,PZEA1509-6;9528578.565;479646.576;298;0.1;0006-5-2025-102
L-X,6,PZEA1509-7;9528580.352;479646.691;298;0.1;0006-5-2025-102
L-X,6,BAT-BA35-1;9529695.345;480866.512;280;0.4;0006-5-2025-102
L-X,6,BAT-BA35-2;9529695.372;480868.04;280;0.4;0006-5-2025-102
L-X,6,BAT-BA35-3;9529693.502;480868.016;280;0.4;0006-5-2025-102
L-X,6,BAT-BA35-4;9529693.596;480866.588;280;0.4;0006-5-2025-102
L-X,6,BAT-BA35-5;9529807.63;480890.813;280;0.1;0006-5-2025-102
L-X,6,BAT-BA35-6;9529805.7;480892.43;280;0.1;0006-5-2025-102
L-X,6,BAT-BA35-7;9529801.995;480892.641;280;0.1;0006-5-2025-102
L-X,6,BAT-BA35-8;9529798.262;480892.663;280;0.1;0006-5-2025-102
L-X,6,BAT-BA35-9R;9529809.486;480890.792;280;0.1;0006-5-2025-102
L-X,6,PZEA9219-1;9528365.266;479697.211;296;0.2;0006-5-2025-102
L-X,6,PZEA9219-2;9528367.078;479699.074;296;0.2;0006-5-2025-102
L-X,6,PZEA9219-3;9528367.048;479700.684;296;0.2;0006-5-2025-102
L-X,6,PZEA9219-4;9528368.944;479699.094;296;0.2;0006-5-2025-102
L-X,6,PZEA939-1RS;9528627.123;479360.454;303;0.4;0006-5-2025-102
L-X,6,PZEA939-2RS;9528634.607;479362.325;303;0.4;0006-5-2025-102
L-X,6,PZEA939-3R;9528630.985;479360.611;303;0.4;0006-5-2025-102
L-X,6,PZEA939-4;9528623.381;479354.841;303;0.4;0006-5-2025-102
L-X,6,PZEA939-5R;9528642.085;479388.52;303;0.1;0006-5-2025-102
L-X,6,PZEA939-6R;9528640.216;479386.648;303;0.1;0006-5-2025-102
L-X,6,PZEA939-7R;9528638.375;479386.555;303;0.1;0006-5-2025-102
L-X,6,PZEA939-8;9528634.617;479386.635;303;0.1;0006-5-2025-102
L-X,6,PZEA2382-1R;9529268.817;480207.939;298;0.15;0006-5-2025-102
L-X,6,PZEA2382-2;9529272.559;480204.198;298;0.15;0006-5-2025-102
L-X,6,PZEA2382-3;9529272.528;480206.044;298;0.15;0006-5-2025-102
L-X,6,PZEA2382-4R;9529266.946;480207.939;298;0.15;0006-5-2025-102
L-X,6,PZEA2382-5;9529266.946;480209.81;298;0.15;0006-5-2025-102
L-X,6,PZEA2382-6R;9529276.301;480215.423;298;0.15;0006-5-2025-102
L-X,6,PZEA2382-7;9529272.559;480213.552;298;0.15;0006-5-2025-102
L-X,6,PZEA2382-8;9529274.43;480213.552;298;0.15;0006-5-2025-102
L-X,6,PZEA2382-9;9529276.301;480213.552;298;0.15;0006-5-2025-102
L-X,6,PZEA2382-10R;9529268.817;480222.906;298;0.2;0006-5-2025-102
L-X,6,PZEA2382-11R;9529266.995;480224.722;298;0.2;0006-5-2025-102
L-X,6,PZEA2382-12;9529268.817;480219.164;298;0.2;0006-5-2025-102
L-X,6,PZEA2382-13;9529266.946;480221.035;298;0.2;0006-5-2025-102
L-X,6,PZEA9476-1;9532148.014;486555.755;300;0.2;0005-5-2025-102
L-X,6,PZEA9476-2;9532149.843;486556.032;300;0.2;0005-5-2025-103
L-X,6,PZEA9476-3;9532151.812;486557.476;300;0.2;0005-5-2025-104
L-X,6,PZEA9476-4;9532153.446;486557.443;300;0.2;0005-5-2025-105
L-X,6,PZEA9421-1;9532080.673;486602.433;307;0.3;0005-5-2025-106
L-X,6,PZEA9421-2;9532078.809;486602.442;307;0.3;0005-5-2025-107
L-X,6,PZEA9421-4;9532082.544;486602.433;307;0.3;0005-5-2025-108
L-X,6,PZEA9421-5;9532076.932;486628.624;307;0.1;0005-5-2025-109
L-X,6,PZEA9421-6;9532078.68;486628.685;307;0.1;0005-5-2025-110
L-X,6,PZEA9421-7;9532076.932;486630.495;307;0.1;0005-5-2025-111
L-X,6,PZEA9421-8;9532077.096;486632.249;307;0.1;0005-5-2025-112
L-X,6,PZEA7096-1;9532338.802;486894.332;304;0.3;0005-5-2025-113
L-X,6,PZEA7096-2;9532337.086;486894.398;304;0.3;0005-5-2025-114
L-X,6,PZEA7096-3;9532336.977;486896.153;304;0.3;0005-5-2025-115
L-X,6,PZEA7096-4;9532335.188;486896.238;304;0.3;0005-5-2025-116
L-X,6,PZEA7096-5;9532327.623;486903.636;304;0.2;0005-5-2025-117
L-X,6,PZEA7096-6;9532329.494;486911.12;304;0.2;0005-5-2025-118
L-X,6,PZEA7096-7;9532329.433;486912.754;304;0.2;0005-5-2025-119
L-X,6,PZEA7096-8;9532323.854;486916.704;304;0.2;0005-5-2025-120
L-X,6,PZEA7096-9;9532321.932;486918.516;304;0.2;0005-5-2025-121
L-X,6,PZEA7096-10;9532320.096;486941.098;304;0.2;0005-5-2025-122
L-X,6,PZEA7096-11;9532322.065;486944.734;304;0.2;0005-5-2025-123
L-X,6,PZEA7096-12;9532323.564;486944.834;304;0.2;0005-5-2025-124
L-X,6,PZEA1225-2;9532052.589;486819.429;310;0.2;0005-5-2025-125
L-X,6,PZEA1225-4;9532050.74;486821.32;310;0.2;0005-5-2025-126
L-X,6,PZEA1225-5;9532033.903;486817.578;310;0.2;0005-5-2025-127
L-X,6,PZEA1225-6;9532033.903;486819.449;310;0.2;0005-5-2025-128
L-X,6,PZEA1225-7;9532033.903;486821.32;310;0.2;0005-5-2025-129
L-X,6,PZEA1225-8;9532035.773;486821.32;310;0.2;0005-5-2025-130
L-X,6,PZEA1225-9;9532035.773;486817.578;310;0.2;0005-5-2025-131
L-X,6,PZEA1225-10;9532034.042;486834.239;310;0.2;0005-5-2025-132
L-X,6,PZEA1225-11;9532035.773;486834.416;310;0.2;0005-5-2025-133
L-X,6,PZEA1225-12;9532037.493;486834.52;310;0.2;0005-5-2025-134
L-X,6,PZEA1225-13;9532037.603;486836.296;310;0.2;0005-5-2025-135
L-X,6,PZEA1263-1;9532567.089;486673.524;305;0.25;0005-5-2025-136
L-X,6,PZEA1263-2;9532568.576;486673.6;305;0.25;0005-5-2025-137
L-X,6,PZEA1263-3;9532565.258;486673.556;305;0.25;0005-5-2025-138
L-X,6,PZEA1263-4;9532565.218;486677.266;305;0.25;0005-5-2025-139
L-X,6,PZEA1961-1;9532546.402;486544.68;305;0.2;0005-5-2025-140
L-X,6,PZEA1961-2;9532550.141;486546.476;305;0.2;0005-5-2025-141
L-X,6,PZEA1961-3;9532550.37;486547.809;305;0.2;0005-5-2025-142
L-X,6,PZEA1961-4;9532552.107;486548.19;305;0.2;0005-5-2025-143
L-X,6,PZEA9437-1;9532697.972;486473.419;305;0.3;0005-5-2025-144
L-X,6,PZEA9437-2;9532698.114;486475.166;305;0.3;0005-5-2025-145
L-X,6,PZEA9437-3;9532699.943;486478.924;305;0.3;0005-5-2025-146
L-X,6,PZEA9437-4;9532703.673;486486.446;305;0.3;0005-5-2025-147
L-X,6,PZEA9437-5;9532585.765;486480.929;305;0.4;0005-5-2025-148
L-X,6,PZEA9437-6;9532585.797;486482.7;305;0.4;0005-5-2025-149
L-X,6,PZEA9437-7;9532585.624;486484.419;305;0.4;0005-5-2025-150
L-X,6,PZEA9437-8;9532583.996;486482.707;305;0.4;0005-5-2025-151
L-X,6,PZEA1792-1;9532615.73;486276.909;298;0.1;0005-5-2025-152
L-X,6,PZEA1792-2;9532619.265;486278.763;298;0.1;0005-5-2025-153
L-X,6,PZEA1792-3;9532621.354;486280.675;298;0.1;0005-5-2025-154
L-X,6,PZEA1792-4;9532619.472;486282.521;298;0.1;0005-5-2025-155
L-X,6,PZEA1792-5;9532649.319;486291.944;298;0.15;0005-5-2025-156
L-X,6,PZEA1792-6;9532651.244;486293.781;298;0.15;0005-5-2025-157
L-X,6,PZEA1792-7;9532651.276;486295.617;298;0.15;0005-5-2025-158
L-X,6,PZEA1792-8;9532653.145;486295.619;298;0.15;0005-5-2025-159
L-X,6,PZEA1929-1;9531921.294;486482.693;310;0.2;0005-5-2025-160
L-X,6,PZEA1929-2;9531919.835;486482.741;310;0.2;0005-5-2025-161
L-X,6,PZEA1929-3;9531917.952;486484.609;310;0.2;0005-5-2025-162
L-X,6,PZEA9447-1;9531786.921;486355.669;302;0.15;0005-5-2025-163
L-X,6,PZEA9447-2;9531787.051;486357.216;302;0.15;0005-5-2025-164
L-X,6,PZEA9447-3;9531788.785;486357.33;302;0.15;0005-5-2025-165
L-X,6,PZEA9602-1;9532273.655;486132.844;303;0.4;0005-5-2025-166
L-X,6,PZEA9602-2;9532275.239;486134.726;303;0.4;0005-5-2025-167
L-X,6,PZEA9602-3;9532282.568;486136.454;303;0.4;0005-5-2025-168
L-X,6,PZEA9602-4;9532282.587;486138.658;303;0.4;0005-5-2025-169
L-X,6,PZEA9602-5;9532280.93;486140.254;303;0.4;0005-5-2025-170
L-X,6,PZEA9602-6;9532280.935;486142.275;303;0.4;0005-5-2025-171
L-X,6,PZEA9602-7;9532254.641;486179.645;303;0.25;0005-5-2025-172
L-X,6,PZEA9602-8;9532254.66;486183.367;303;0.25;0005-5-2025-173
L-X,6,PZEA9602-9;9532254.636;486185.066;303;0.25;0005-5-2025-174
L-X,6,PZEA9602-10;9532256.531;486183.367;303;0.25;0005-5-2025-175
L-X,6,PZEA9602-11;9532260.273;486181.496;303;0.25;0005-5-2025-176
L-X,6,PZEA1759-1;9531897.209;486162.674;307;0.2;0005-5-2025-177
L-X,6,PZEA1759-2;9531899.224;486164.755;307;0.2;0005-5-2025-178
L-X,6,PZEA1759-3;9531899.24;486166.22;307;0.2;0005-5-2025-179
L-X,6,PZEA1759-4;9531901.078;486162.788;307;0.2;0005-5-2025-180
L-X,6,PZEA1759-5;9531902.945;486164.659;307;0.2;0005-5-2025-181
L-X,6,PZEA1759-6;9531916.04;486183.367;307;0.1;0005-5-2025-182
L-X,6,PZEA1759-8;9531919.567;486185.238;307;0.1;0005-5-2025-183
L-X,6,PZEA1759-9;9531917.842;486186.781;307;0.1;0005-5-2025-184
L-X,6,PZEA1759-10;9531914.169;486185.238;307;0.1;0005-5-2025-185
L-X,6,PZEA9479-1;9532436.158;486235.772;305;0.4;0005-5-2025-186
L-X,6,PZEA9479-2;9532438.002;486236.218;305;0.4;0005-5-2025-187
L-X,6,PZEA9479-3;9532437.94;486237.515;305;0.4;0005-5-2025-188
L-X,6,PZEA9479-4;9532434.508;486237.624;305;0.4;0005-5-2025-189
L-X,6,PZEA1311-1;9532484.739;486059.862;309;0.15;0005-5-2025-190
L-X,6,PZEA1311-2;9532482.974;486061.755;309;0.15;0005-5-2025-191
L-X,6,PZEA1311-3;9532483.062;486063.544;309;0.15;0005-5-2025-192
L-X,6,PZEA1311-4;9532484.728;486063.638;309;0.15;0005-5-2025-193
L-X,6,PZEA9436-1;9532267.64;485912.319;309;0.1;0005-5-2025-194
L-X,6,PZEA9436-2;9532269.569;485914.032;309;0.1;0005-5-2025-195
L-X,6,PZEA9436-3;9532271.493;485915.844;309;0.1;0005-5-2025-196
L-X,6,PZEA9436-4;9532273.369;485917.709;309;0.1;0005-5-2025-197
L-X,6,PZEA9406-1;9532045.128;486413.479;303;0.25;0005-5-2025-198
L-X,6,PZEA9406-2;9532043.341;486413.623;303;0.25;0005-5-2025-199
L-X,6,PZEA9406-3;9532043.244;486417.208;303;0.25;0005-5-2025-200
L-X,6,PZEA9406-4;9532046.998;486413.479;303;0.25;0005-5-2025-201
L-X,6,PZEA9406-5;9532015.091;486415.587;303;0.15;0005-5-2025-202
L-X,6,PZEA9406-6;9532015.194;486417.221;303;0.15;0005-5-2025-203
L-X,6,PZEA9406-7;9532017.065;486417.221;303;0.15;0005-5-2025-204
L-X,6,PZEA9406-8;9532022.677;486417.221;303;0.15;0005-5-2025-205
L-X,6,BAT-LA06-1;9532177.95;486438.11;303;0.1;0005-5-2025-206
L-X,6,BAT-LA06-2R;9532191.053;486435.93;303;0.2;0005-5-2025-207
L-X,6,BAT-LA06-3;9532181.339;486441.542;303;0.1;0005-5-2025-208
L-X,6,BAT-LA06-4;9532181.616;486443.135;303;0.1;0005-5-2025-209
L-X,6,BAT-LA06-5R;9532187.347;486435.991;303;0.2;0005-5-2025-210
L-X,6,BAT-LA06-6;9532112.477;486443.412;303;0.1;0005-5-2025-211
L-X,6,BAT-LA06-7;9532114.348;486443.412;303;0.1;0005-5-2025-212
L-X,6,BAT-LA06-8;9532114.348;486445.283;303;0.1;0005-5-2025-213
L-X,6,BAT-LA06-9;9532112.477;486445.283;303;0.1;0005-5-2025-214
L-X,6,BAT-LA06-10;9532116.219;486445.283;303;0.1;0005-5-2025-215
L-X,6,BAT-LA06-11;9532114.348;486449.025;303;0.1;0005-5-2025-216
L-X,6,BAT-LA06-12;9532105.08;486445.348;303;0.1;0005-5-2025-217
L-X,6,BAT-LA06-13;9532062.153;486480.799;303;0.2;0005-5-2025-218
L-X,6,BAT-LA06-14;9532062.073;486484.606;303;0.2;0005-5-2025-219
L-X,6,BAT-LA06-15;9532061.868;486488.27;303;0.2;0005-5-2025-220
L-X,6,BAT-LA06-16;9532060.115;486490.202;303;0.2;0005-5-2025-221
L-X,6,BAT-LA06-17;9532059.902;486501.439;303;0.1;0005-5-2025-222
L-X,6,BAT-LA06-18;9532058.306;486501.492;303;0.1;0005-5-2025-223
L-X,6,BAT-LA06-19;9532058.2;486503.262;303;0.1;0005-5-2025-224
L-X,6,BAT-LA06-20;9532058.123;486505.169;303;0.1;0005-5-2025-225
L-X,6,BAT-LA06-21;9532009.618;486524.137;303;0.4;0005-5-2025-226
L-X,6,BAT-LA06-22;9532009.582;486527.6;303;0.4;0005-5-2025-227
L-X,6,BAT-LA06-23;9532009.473;486529.248;303;0.4;0005-5-2025-228
L-X,6,BAT-LA06-24;9532007.711;486529.47;303;0.4;0005-5-2025-229
L-X,6,BAT-LA06-25;9532005.84;486527.6;303;0.4;0005-5-2025-230
L-X,6,BAT-LA06-26R;9532041.386;486606.175;303;0.4;0005-5-2025-231
L-X,6,BAT-LA06-27R;9532045.128;486611.788;303;0.4;0005-5-2025-232
L-X,6,BAT-LA06-28R;9532052.611;486628.625;303;0.4;0005-5-2025-233
L-X,6,BAT-LA06-29R;9532048.87;486621.142;303;0.4;0005-5-2025-234
L-X,6,BAT-LA06-30;9531949.715;486634.237;303;0.2;0005-5-2025-235
L-X,6,BAT-LA06-31R;9531947.922;486634.358;303;0.2;0005-5-2025-236
L-X,6,BAT-LA06-32;9531947.762;486635.747;303;0.2;0005-5-2025-237
L-X,6,BAT-LA06-33;9531951.586;486634.237;303;0.2;0005-5-2025-238
L-X,6,BAT-LA06-34;9532054.482;486643.591;303;0.2;0005-5-2025-239
L-X,6,BAT-LA06-35;9532056.462;486649.121;303;0.2;0005-5-2025-240
L-X,6,BAT-LA06-36;9532060.206;486647.356;303;0.2;0005-5-2025-241
L-X,6,BAT-LA06-37;9532061.965;486647.333;303;0.2;0005-5-2025-242
L-X,6,BAT-LA06-38;9532061.877;486648.908;303;0.2;0005-5-2025-243
L-X,6,BAT-LA06-39;9532059.899;486652.976;303;0.2;0005-5-2025-244
L-X,6,BAT-LA06-40R;9532061.975;486656.678;303;0.2;0005-5-2025-245
L-X,6,BAT-LA06-41;9531955.388;486667.858;303;0.3;0005-5-2025-246
L-X,6,BAT-LA06-42;9531957.198;486667.912;303;0.3;0005-5-2025-247
L-X,6,BAT-LA06-43;9531959.02;486667.921;303;0.3;0005-5-2025-248
L-X,6,BAT-LA06-44;9531955.669;486669.783;303;0.3;0005-5-2025-249
L-X,6,BAT-LA06-45;9531999.987;486695.956;303;0.25;0005-5-2025-250
L-X,6,BAT-LA06-46;9531998.357;486695.974;303;0.25;0005-5-2025-251
L-X,6,BAT-LA06-47;9531998.304;486697.521;303;0.25;0005-5-2025-252
L-X,6,BAT-LA06-48;9531996.752;486696.075;303;0.25;0005-5-2025-253
L-X,6,BAT-LA06-49;9532084.314;486701.662;303;0.15;0005-5-2025-254
L-X,6,BAT-LA06-50;9532084.463;486703.446;303;0.15;0005-5-2025-255
L-X,6,BAT-LA06-51;9532086.416;486705.212;303;0.15;0005-5-2025-256
L-X,6,BAT-LA06-52;9532183.534;486437.833;303;0.2;0005-5-2025-257
L-X,6,BAT-LA06-53;9532136.199;486443.413;303;0.2;0005-5-2025-258
L-X,6,BAT-LA06-54;9532121.832;486430.317;303;0.2;0005-5-2025-259
L-X,6,BAT-LA06-55;9532118.671;486439.671;303;0.2;0005-5-2025-260
L-X,6,MNF-MC02-LA06-1;9531807.532;486398.512;303;0.4;0005-5-2025-261
L-X,6,MNF-MC02-LA06-2;9531809.403;486398.512;303;0.4;0005-5-2025-262
L-X,6,MNF-MC02-LA06-3;9531811.127;486398.665;303;0.2;0005-5-2025-263
L-X,6,MNF-MC02-LA06-4;9531811.274;486400.383;303;0.2;0005-5-2025-264
L-X,6,MNF-MC02-LA06-5;9531813.145;486402.254;303;0.2;0005-5-2025-265
L-X,6,MNF-MC02-LA06-6;9531815.016;486402.254;303;0.2;0005-5-2025-266
L-X,6,MNF-MC02-LA06-7;9531816.886;486407.867;303;0.2;0005-5-2025-267
L-X,6,MNF-MC02-LA06-8;9531820.797;486413.322;303;0.2;0005-5-2025-268
L-X,6,MNF-MC02-LA06-9;9531820.628;486417.221;303;0.2;0005-5-2025-269
L-X,6,MNF-MC02-LA06-10;9531818.809;486417.277;303;0.2;0005-5-2025-270
L-X,6,MNF-MC02-LA06-11;9531820.628;486419.092;303;0.2;0005-5-2025-271
L-X,6,MNF-MC02-LA06-12;9531822.499;486417.221;303;0.2;0005-5-2025-272
L-X,6,MNF-MC02-LA06-13;9531826.223;486419.11;303;0.2;0005-5-2025-273
L-X,6,MNF-MC02-LA06-14;9531826.241;486422.833;303;0.2;0005-5-2025-274
L-X,6,MNF-MC02-LA06-15;9531831.981;486428.243;303;0.2;0005-5-2025-275
L-X,6,MNF-MC02-LA06-16;9531833.724;486428.446;303;0.2;0005-5-2025-276
L-X,6,MNF-MC02-LA06-17;9531835.614;486430.297;303;0.2;0005-5-2025-277
L-X,6,MNF-MC02-LA06-18;9531839.176;486432.366;303;0.2;0005-5-2025-278
L-X,6,MNF-MC02-LA06-19R;9531835.595;486424.705;303;0.2;0005-5-2025-279
L-X,6,MNF-MC02-LA06-20R;9531807.567;486396.695;303;0.4;0005-5-2025-280
L-X,6,MNF-MC02-LA06-21;9531807.532;486400.383;303;0.4;0005-5-2025-281
L-X,6,MNF-MC02-LA06-22;9531773.899;486462.161;303;0.4;0005-5-2025-282
L-X,6,MNF-MC02-LA06-23;9531773.857;486467.733;303;0.4;0005-5-2025-283
L-X,6,MNF-MC02-LA06-24;9531775.728;486467.733;303;0.4;0005-5-2025-284
L-X,6,MNF-MC02-LA06-25;9531777.599;486469.604;303;0.4;0005-5-2025-285
L-X,6,MNF-MC02-LA06-26;9531777.595;486473.054;303;0.4;0005-5-2025-286
L-X,6,MNF-MC02-LA06-27R;9531781.567;486462.498;303;0.15;0005-5-2025-287
L-X,6,MNF-MC02-LA06-28;9531781.349;486463.942;303;0.2;0005-5-2025-288
L-X,6,MNF-MC02-LA06-29R;9531779.804;486464.292;303;0.2;0005-5-2025-289
L-X,6,MNF-MC02-LA06-30;9531813.145;486484.571;303;0.4;0005-5-2025-290
L-X,6,MNF-MC02-LA06-31;9531811.274;486486.441;303;0.4;0005-5-2025-291
L-X,6,MNF-MC02-LA06-32;9531811.274;486488.312;303;0.4;0005-5-2025-292
L-X,6,MNF-MC02-LA06-33;9531816.886;486488.312;303;0.4;0005-5-2025-293
L-X,6,MNF-MC02-LA06-34;9531816.886;486486.441;303;0.4;0005-5-2025-294
L-X,6,MNF-MC02-LA06-35;9531805.829;486492.108;303;0.4;0005-5-2025-295
L-X,6,PZEA2378E-1;9532161.182;485749.384;300;0.1;0005-5-2025-296
L-X,6,PZEA2378E-2;9532161.119;485751.206;300;0.1;0005-5-2025-297
L-X,6,PZEA2378E-3;9532162.742;485751.157;300;0.1;0005-5-2025-298
L-X,6,PZEA2378E-4;9532159.395;485751.428;300;0.1;0005-5-2025-299
L-X,6,PZEA2378E-5;9532191.016;485749.489;300;0.15;0005-5-2025-300
L-X,6,PZEA2378E-6;9532183.569;485751.206;300;0.15;0005-5-2025-301
L-X,6,PZEA2378E-7;9532183.552;485754.925;300;0.15;0005-5-2025-302
L-X,6,PZEA2378E-8;9532181.698;485754.947;300;0.15;0005-5-2025-303
L-X,6,PZEA2378E-9R;9532168.603;485764.302;300;0.4;0005-5-2025-304
L-X,6,PZEA2378E-10;9532153.701;485762.486;300;0.2;0005-5-2025-305
L-X,6,PZEA2378E-11;9532151.765;485764.301;300;0.2;0005-5-2025-306
L-X,6,PZEA2378E-12;9532151.765;485766.172;300;0.2;0005-5-2025-307
L-X,6,PZEA2378E-13R;9532157.378;485784.881;300;0.4;0005-5-2025-308
L-X,6,PZEA2378E-14;9532157.377;485768.043;300;0.2;0005-5-2025-309
L-X,6,PZEA2378E-15;9532142.411;485783.01;300;0.4;0005-5-2025-310
L-X,6,PZEA2378E-16;9532133.057;485764.302;300;0.4;0005-5-2025-311
L-X,6,PZEA10142-1;9532127.444;485844.747;300;0.2;0005-5-2025-312
L-X,6,PZEA10142-2;9532127.444;485846.117;300;0.2;0005-5-2025-313
L-X,6,PZEA10142-3;9532129.315;485844.747;300;0.2;0005-5-2025-314
L-X,6,PZEA10142-4;9532131.173;485846.621;300;0.2;0005-5-2025-315
L-X,6,PZEA10142-5;9532148.069;485846.669;300;0.4;0005-5-2025-316
L-X,6,PZEA10142-6R;9532151.765;485811.073;300;0.15;0005-5-2025-317
L-X,6,PZEA10142-7;9532149.894;485852.23;300;0.4;0005-5-2025-318
L-X,6,PZEA10142-8;9532150.019;485855.605;300;0.4;0005-5-2025-319
L-X,6,PZEA10142-9;9532146.191;485850.391;300;0.4;0005-5-2025-320
L-X,6,PZEA10142-10;9532155.508;485859.716;300;0.25;0005-5-2025-321
L-X,6,PZEA10142-11;9532155.58;485861.512;300;0.25;0005-5-2025-322
L-X,6,PZEA10142-12;9532157.377;485861.585;300;0.25;0005-5-2025-323
L-X,6,PZEA10142-13;9532159.03;485861.765;300;0.25;0005-5-2025-324
L-X,6,PZEA10142-14;9532146.153;485809.202;300;0.15;0005-5-2025-325
L-X,6,PZEA10142-15;9532140.54;485811.073;300;0.15;0005-5-2025-326
L-X,6,PZEA7119-1;9531740.182;485717.531;303;0.2;0005-5-2025-327
L-X,6,PZEA7119-2;9531742.053;485717.531;303;0.2;0005-5-2025-328
L-X,6,PZEA7119-3;9531742.152;485719.311;303;0.5;0005-5-2025-329
L-X,6,PZEA7119-4;9531743.924;485719.402;303;0.5;0005-5-2025-330
L-X,6,PZEA7119-5;9531743.924;485717.531;303;0.2;0005-5-2025-331
L-X,6,PZEA7119-6;9531743.924;485721.272;303;0.5;0005-5-2025-332
L-X,6,PZEA7119-7R;9531745.795;485721.273;303;0.5;0005-5-2025-333
L-X,6,PZEA7119-8R;9531753.279;485792.364;303;0.2;0005-5-2025-334
L-X,6,PZEA7119-9;9531743.924;485732.497;303;0.2;0005-5-2025-335
L-X,6,PZEA7119-10;9531745.742;485732.575;303;0.2;0005-5-2025-336
L-X,6,PZEA7119-11;9531747.645;485732.766;303;0.2;0005-5-2025-337
L-X,6,PZEA7119-12;9531762.678;485807.425;303;0.2;0005-5-2025-338
L-X,6,PZEA7119-13;9531764.503;485809.201;303;0.2;0005-5-2025-339
L-X,6,PZEA7119-14;9531766.374;485809.201;303;0.2;0005-5-2025-340
L-X,6,PZEA7119-15;9531768.245;485811.072;303;0.2;0005-5-2025-341
L-X,6,PZEA7119-16;9531768.245;485812.943;303;0.2;0005-5-2025-342
L-X,6,PZEA7119-17;9531742.054;485784.881;303;0.4;0005-5-2025-343
L-X,6,PZEA7119-18;9531721.475;485773.656;303;0.4;0005-5-2025-344
L-X,6,PZEA2383-1;9531594.258;486172.142;300;0.25;0005-5-2025-345
L-X,6,PZEA2383-2;9531594.258;486174.013;300;0.25;0005-5-2025-346
L-X,6,PZEA2383-3;9531594.258;486175.884;300;0.25;0005-5-2025-347
L-X,6,PZEA2383-4;9531594.258;486177.755;300;0.25;0005-5-2025-348
L-X,6,PZEA2383-5;9531590.623;486177.519;300;0.3;0005-5-2025-349
L-X,6,PZEA2383-6;9531590.516;486175.884;300;0.3;0005-5-2025-350
L-X,6,PZEA2383-7;9531590.688;486174.089;300;0.3;0005-5-2025-351
L-X,6,PZEA2383-8;9531592.387;486174.013;300;0.25;0005-5-2025-352
L-X,6,PZEA2383-9;9531536.108;486209.836;300;0.2;0005-5-2025-353
L-X,6,PZEA2383-10;9531538.194;486211.329;300;0.2;0005-5-2025-354
L-X,6,PZEA2383-11;9531541.959;486212.926;300;0.2;0005-5-2025-355
L-X,6,PZEA2383-12;9531545.561;486213.425;300;0.2;0005-5-2025-356
L-X,6,PZEA2383-13R;9531596.129;486170.272;300;0.4;0005-5-2025-357
L-X,6,PZEA9113-1;9531741.915;486263.929;303;0.1;0005-5-2025-358
L-X,6,PZEA9113-2;9531742.176;486265.486;303;0.1;0005-5-2025-359
L-X,6,PZEA9113-3;9531743.725;486265.885;303;0.1;0005-5-2025-360
L-X,6,PZEA9113-4;9531704.641;486364.838;303;0.25;0005-5-2025-361
L-X,6,PZEA9113-5;9531704.643;486366.701;303;0.25;0005-5-2025-362
L-X,6,PZEA9113-6;9531706.476;486366.737;303;0.25;0005-5-2025-363
