locacion,celda,grilla,cod_plano_celda,puntos,este,norte,altitud,area,Shape_Leng,Shape_Area,tph,porc_exceso,prof,tipo_punto
EA103,EA103_03,SUE-EA103-8,A4,"L-X,6,PZEA103-1",471885.882199999,9525522.39399999,49,3.53297074483364,8.48066425097238,3.53297074483364,0,NA,0.4,549 puntos
EA103,EA103_03,SUE-EA103-14,A4,"L-X,6,PZEA103-2",471889.264,9525532.59699999,49,3.34950000140816,8.35839228977169,3.34950000140816,327,NA,0.4,549 puntos
EA103,EA103_03,SUE-EA103-20,A4,"L-X,6,PZEA103-3",471883.068199999,9525530.50999999,49,9,12,9,312,NA,0.4,549 puntos
EA103,EA103_03,SUE-EA103-31,A4,"L-X,6,PZEA103-4",471889.068199999,9525528.46399999,49,4.29019283074827,11.8857763868394,4.29019283074827,54,NA,0.4,549 puntos
EA103,EA103_03,SUE-EA103-32,A4,"L-X,6,PZEA103-5",471886.068199999,9525527.50999999,49,9,12,9,317,NA,0.4,549 puntos
EA1782,EA1782_13,SUE-EA1782-17,A13,"L-X,6,PZEA1782-1",472129.068199999,9525487.67799999,72,4.0086000021547,8.67240000143647,4.0086000021547,21,NA,0.4,549 puntos
EA1782,EA1782_11,SUE-EA1782-31,A16,"L-X,6,PZEA1782-2",472161.337699999,9525485.50999999,72,4.61670000012964,9.07780000008642,4.61670000012964,42,NA,0.4,549 puntos
EA1782,EA1782_11,SUE-EA1782-80,A16,"L-X,6,PZEA1782-3",472161.337699999,9525479.67799999,72,4.09932181900981,8.40539999864995,4.09932181900981,40,NA,0.4,549 puntos
EA1782,EA1782_13,SUE-EA1782-86,A13,"L-X,6,PZEA1782-4",472132.068199999,9525487.67799999,72,4.0086000021547,8.67240000143647,4.0086000021547,113,NA,0.4,549 puntos
EA1782,EA1782_13,SUE-EA1782-103,A13,"L-X,6,PZEA1782-5",472135.0298,9525485.54499999,72,8.74493340022948,11.6013216488001,8.74493340022948,0,NA,0.4,549 puntos
EA1782,EA1782_11,SUE-EA1782-119,A16,"L-X,6,PZEA1782-6",472159.068199999,9525479.67799999,72,7.99139999784529,11.3275999985635,7.99139999784529,37,NA,0.4,549 puntos
EA1782,EA1782_13,SUE-EA1782-122,A13,"L-X,6,PZEA1782-7",472135.068199999,9525479.50999999,72,9,12,9,37,NA,0.4,549 puntos
EA1782,EA1782_11,SUE-EA1782-129,A16,"L-X,6,PZEA1782-8",472159.068199999,9525482.50999999,72,9,12,9,37,NA,0.4,549 puntos
EA1782,EA1782_13,SUE-EA1782-158,A13,"L-X,6,PZEA1782-9",472129.068199999,9525482.50999999,72,9,12,9,215,NA,0.4,549 puntos
EA1510,EA1510_21,SUE-EA1510-17,A18,"L-X,6,PZEA1510-1",472699.068199999,9525536.50999999,134,9,12,9,25859,1.5859,0.4,549 puntos
EA1510,EA1510_08,SUE-EA1510-46,A12,"L-X,6,PZEA1510-2",472708.068199999,9525527,134,7.7471317690623,12.6824045229484,7.7471317690623,17627,0.7627,0.4,549 puntos
EA1510,EA1510_08,SUE-EA1510-48,A12,"L-X,6,PZEA1510-3",472705.068199999,9525524.50999999,134,9,12,9,217,NA,0.4,549 puntos
EA1510,EA1510_08,SUE-EA1510-52,A12,"L-X,6,PZEA1510-4",472705.064599999,9525527.50599999,134,8.97697712497112,11.8795103289714,8.97697712497112,705,NA,0.4,549 puntos
EA1510,EA1510_08,SUE-EA1510-60,A12,"L-X,6,PZEA1510-5",472705.068199999,9525518.50999999,134,9,12,9,0,NA,0.4,549 puntos
EA1510,EA1510_21,SUE-EA1510-70,A18,"L-X,6,PZEA1510-6",472699.068199999,9525533.50999999,134,9,12,9,19677,0.9677,0.4,549 puntos
EA1510,EA1510_08,SUE-EA1510-103,A12,"L-X,6,PZEA1510-7",472702.068199999,9525518.50999999,134,9,12,9,28,NA,0.4,549 puntos
EA1510,EA1510_21,SUE-EA1510-128,A18,"L-X,6,PZEA1510-8",472696.068199999,9525530.50999999,134,9,12,9,23114,1.3114,0.4,549 puntos
EA1510,EA1510_21,SUE-EA1510-180,A18,"L-X,6,PZEA1510-9",472696.068199999,9525533.50999999,134,9,12,9,15800,0.58,0.4,549 puntos
EA6901-EA10,EA6901-EA10_08,SUE-EA6901-EA10-2,A6,"L-X,6,PZEA6901-EA10-1",472084.068199999,9525671.50999999,28,9,12,9,44,NA,0.4,549 puntos
EA6901-EA10,EA6901-EA10_08,SUE-EA6901-EA10-11,A6,"L-X,6,PZEA6901-EA10-2",472086.350399999,9525671.447,28,4.49691327977197,12,4.49691327977197,67,NA,0.4,549 puntos
EA6901-EA10,EA6901-EA10_03,SUE-EA6901-EA10-18,A19,"L-X,6,PZEA6901-EA10-3",472057.068199999,9525698.50999999,28,9,12,9,0,NA,0.4,549 puntos
EA6901-EA10,EA6901-EA10_03,SUE-EA6901-EA10-26,A19,"L-X,6,PZEA6901-EA10-4",472054.068199999,9525696.073,28,5.62440000101923,9.74960000067949,5.62440000101923,49,NA,0.4,549 puntos
EA6901-EA10,EA6901-EA10_03,SUE-EA6901-EA10-27,A19,"L-X,6,PZEA6901-EA10-5",472060.068199999,9525695.50999999,28,9,12,9,0,NA,0.4,549 puntos
EA6901-EA10,EA6901-EA10_03,SUE-EA6901-EA10-39,A19,"L-X,6,PZEA6901-EA10-6",472060.068199999,9525690.573,28,2.62440000101923,7.74960000067949,2.62440000101923,478,NA,0.4,549 puntos
EA6901-EA10,EA6901-EA10_03,SUE-EA6901-EA10-49,A19,"L-X,6,PZEA6901-EA10-7",472060.068199999,9525698.50999999,28,9,12,9,0,NA,0.4,549 puntos
EA6901-EA10,EA6901-EA10_08,SUE-EA6901-EA10-52,A6,"L-X,6,PZEA6901-EA10-8",472086.284999999,9525674.073,28,4.4169734401774,12,4.4169734401774,42,NA,0.4,549 puntos
EA6901-EA10,EA6901-EA10_08,SUE-EA6901-EA10-88,A6,"L-X,6,PZEA6901-EA10-9",472090.068199999,9525677.50999999,28,9,12,9,92,NA,0.4,549 puntos
EA7251,EA7251_08,SUE-EA7251-13,A28,"L-X,6,PZEA7251-1",472301.052099999,9525721.94999999,78,2.18217402023662,7.58313270114577,2.18217402023662,37,NA,0.4,549 puntos
EA7251,EA7251_08,SUE-EA7251-29,A28,"L-X,6,PZEA7251-2",472303.068199999,9525719.50999999,78,9,12,9,2527,NA,0.4,549 puntos
EA7251,EA7251_14,SUE-EA7251-44,A11,"L-X,6,PZEA7251-3",472273.122299999,9525707.573,78,8.57260649970792,11.4905903040308,8.57260649970792,66,NA,0.4,549 puntos
EA7251,EA7251_14,SUE-EA7251-50,A11,"L-X,6,PZEA7251-4",472273.068199999,9525710.50999999,78,9,12,9,43,NA,0.4,549 puntos
EA7251,EA7251_14,SUE-EA7251-106,A11,"L-X,6,PZEA7251-5",472270.068199999,9525710.50999999,78,9,12,9,0,NA,0.4,549 puntos
EA7251,EA7251_08,SUE-EA7251-121,A28,"L-X,6,PZEA7251-6",472305.4732,9525727.50699999,78,2.02451431529078,7.30409974432618,2.02451431529078,1288,NA,0.4,549 puntos
EA7251,EA7251_14,SUE-EA7251-138,A11,"L-X,6,PZEA7251-7",472270.3445,9525708.18899999,78,4.47254999913275,9.40450212789891,4.47254999913275,20,NA,0.4,549 puntos
EA7251,EA7251_08,SUE-EA7251-164,A28,"L-X,6,PZEA7251-8",472306.068199999,9525722.50999999,78,9,12,9,371,NA,0.4,549 puntos
EA1801,EA1801_18,SUE-EA1801-8,A8,"L-X,6,PZEA1801-1",472411.068199999,9525833.50999999,68,9,12,9,660,NA,0.4,549 puntos
EA1801,EA1801_18,SUE-EA1801-9,A8,"L-X,6,PZEA1801-2",472411.068199999,9525830.721,68,7.73670000024139,11.1578000001609,7.73670000024139,723,NA,0.4,549 puntos
EA1801,EA1801_03,SUE-EA1801-26,A23,"L-X,6,PZEA1801-3",472393.068199999,9525848.50999999,68,9,12,9,22,NA,0.4,549 puntos
EA1801,EA1801_03,SUE-EA1801-36,A23,"L-X,6,PZEA1801-4",472387.3579,9525845.721,68,6.2424853397759,9.99899999983608,6.2424853397759,30,NA,0.4,549 puntos
EA1801,EA1801_18,SUE-EA1801-50,A8,"L-X,6,PZEA1801-5",472414.068199999,9525830.721,68,7.73670000024139,11.1578000001609,7.73670000024139,196,NA,0.4,549 puntos
EA1801,EA1801_03,SUE-EA1801-74,A23,"L-X,6,PZEA1801-6",472396.068199999,9525851.50999999,68,9,12,9,26,NA,0.4,549 puntos
EA1801,EA1801_03,SUE-EA1801-78,A23,"L-X,6,PZEA1801-7",472396.068199999,9525848.50999999,68,9,12,9,149,NA,0.4,549 puntos
EA1801,EA1801_03,SUE-EA1801-91,A23,"L-X,6,PZEA1801-8",472387.3579,9525848.221,68,5.86051465941198,9.68339999951422,5.86051465941198,180,NA,0.4,549 puntos
EA1801,EA1801_18,SUE-EA1801-95,A8,"L-X,6,PZEA1801-9",472414.068199999,9525833.50999999,68,9,12,9,388,NA,0.4,549 puntos
EA1783,EA1783_12,SUE-EA1783-8,A13,"L-X,6,PZEA1783-1",472701.8827,9525821.45399999,86,7.85385000240057,11.2933469774324,7.85385000240057,0,NA,0.4,549 puntos
EA1783,EA1783_07,SUE-EA1783-12,A16,"L-X,6,PZEA1783-2",472729.1765,9525825.30299999,86,4.64351594473767,12.1148939546481,4.64351594473767,17,NA,0.4,549 puntos
EA1783,EA1783_12,SUE-EA1783-18,A13,"L-X,6,PZEA1783-3",472699.335599999,9525823.39699999,86,2.07860159541898,7.1645378327062,2.07860159541898,0,NA,0.4,549 puntos
EA1783,EA1783_07,SUE-EA1783-24,A16,"L-X,6,PZEA1783-4",472726.068199999,9525821.50999999,86,9,12,9,23,NA,0.4,549 puntos
EA1783,EA1783_12,SUE-EA1783-29,A13,"L-X,6,PZEA1783-5",472702.068199999,9525815.50999999,86,9,12,9,29,NA,0.4,549 puntos
EA1783,EA1783_07,SUE-EA1783-43,A16,"L-X,6,PZEA1783-6",472732.1903,9525829.626,86,3.62445854687766,8.47374697647537,3.62445854687766,17,NA,0.4,549 puntos
EA1783,EA1783_07,SUE-EA1783-48,A16,"L-X,6,PZEA1783-7",472728.129699999,9525821.375,86,3.28995000198483,8.25074697715528,3.28995000198483,8,NA,0.4,549 puntos
EA1783,EA1783_07,SUE-EA1783-53,A16,"L-X,6,PZEA1783-8",472732.068199999,9525827.50999999,86,9,12,9,10,NA,0.4,549 puntos
EA1783,EA1783_12,SUE-EA1783-72,A13,"L-X,6,PZEA1783-9",472702.065,9525818.50699999,86,8.98070299518829,11.9213794731764,8.98070299518829,0,NA,0.4,549 puntos
EA7996,EA7996_06,SUE-EA7996-13,A30,"L-X,6,PZEA7996-1",472857.873599999,9525728.74,155,7.18371230618139,11.9235472213799,7.18371230618139,20,NA,0.4,549 puntos
EA7996,EA7996_01,SUE-EA7996-24,A28-I,"L-X,6,PZEA7996-2",472870.1913,9525716.402,155,8.10745667944454,11.2303207217698,8.10745667944454,0,NA,0.4,549 puntos
EA7996,EA7996_06,SUE-EA7996-32,A30,"L-X,6,PZEA7996-3",472852.1839,9525722.662,155,7.90767882507967,10.9911720844558,7.90767882507967,23,NA,0.4,549 puntos
EA7996,EA7996_01,SUE-EA7996-46,A28-I,"L-X,6,PZEA7996-4",472864.223799999,9525713.697,155,7.60912842522627,11.0391855102961,7.60912842522627,55,NA,0.4,549 puntos
EA7996,EA7996_01,SUE-EA7996-52,A28-I,"L-X,6,PZEA7996-5",472867.068199999,9525710.50999999,155,9,12,9,42,NA,0.4,549 puntos
EA7996,EA7996_06,SUE-EA7996-87,A30,"L-X,6,PZEA7996-6",472854.961899999,9525725.604,155,8.23662436523866,11.2881935998616,8.23662436523866,97,NA,0.4,549 puntos
EA7996,EA7996_01,SUE-EA7996-91,A28-I,"L-X,6,PZEA7996-7",472870.068199999,9525710.50999999,155,9,12,9,25,NA,0.4,549 puntos
EA7996,EA7996_06,SUE-EA7996-94,A30,"L-X,6,PZEA7996-8",472855.070499999,9525728.50799999,155,8.98597287501625,11.903512886265,8.98597287501625,21,NA,0.4,549 puntos
EA7996,EA7996_01,SUE-EA7996-126,A28-I,"L-X,6,PZEA7996-9",472870.068199999,9525713.50999999,155,9,12,9,20,NA,0.4,549 puntos
EA2503,EA2503_04,SUE-EA2503-22,A7,"L-X,6,PZEA2503-1",473122.322199999,9526067.57399999,204,7.43598334386649,11.0227980157801,7.43598334386649,19,NA,0.4,549 puntos
EA2503,EA2503_04,SUE-EA2503-26,A7,"L-X,6,PZEA2503-2",473125.068199999,9526058.50999999,204,9,12,9,76,NA,0.4,549 puntos
EA2503,EA2503_04,SUE-EA2503-32,A7,"L-X,6,PZEA2503-3",473122.945599999,9526061.639,204,3.65384999848902,8.50139801569253,3.65384999848902,27,NA,0.4,549 puntos
EA2503,EA2503_04,SUE-EA2503-56,A7,"L-X,6,PZEA2503-4",473122.818199999,9526057.389,204,3.246596539253,12.0243616635761,3.246596539253,0,NA,0.4,549 puntos
EA5614,EA5614_13,SUE-EA5614-5,A8,"L-X,6,PZEA5614-1",472878.9866,9526031.389,153,8.19537332965149,11.3522052859808,8.19537332965149,0,NA,0.4,549 puntos
EA5614,EA5614_04,SUE-EA5614-38,A12,"L-X,6,PZEA5614-2",472837.087899999,9526045.63499999,153,3.33067272915224,7.95349516575275,3.33067272915224,0,NA,0.4,549 puntos
EA5614,EA5614_04,SUE-EA5614-44,A12,"L-X,6,PZEA5614-3",472846.068199999,9526046.50999999,153,9,12,9,502,NA,0.4,549 puntos
EA5614,EA5614_04,SUE-EA5614-91,A12,"L-X,6,PZEA5614-4",472843.257199999,9526046.27999999,153,7.25438931564054,10.9198345654487,7.25438931564054,3172,NA,0.4,549 puntos
EA5614,EA5614_13,SUE-EA5614-117,A8,"L-X,6,PZEA5614-5",472879.146899999,9526025.625,153,8.23680661933983,11.369091042381,8.23680661933983,30,NA,0.4,549 puntos
EA5614,EA5614_13,SUE-EA5614-127,A8,"L-X,6,PZEA5614-6",472875.7675,9526033.569,153,3.36030500091387,11.5828785484637,3.36030500091387,40245,3.0245,0.4,549 puntos
EA5614,EA5614_13,SUE-EA5614-144,A8,"L-X,6,PZEA5614-7",472876.068199999,9526031.50999999,153,9,12,9,42,NA,0.4,549 puntos
EA5614,EA5614_13,SUE-EA5614-173,A8,"L-X,6,PZEA5614-8",472876.253499999,9526026.164,153,4.85579999908804,9.46829888339602,4.85579999908804,104,NA,0.4,549 puntos
EA5614,EA5614_04,SUE-EA5614-179,A12,"L-X,6,PZEA5614-9",472840.068199999,9526040.50999999,153,9,12,9,1420,NA,0.4,549 puntos
EA1688,EA1688_07,SUE-EA1688-1,A17,"L-X,6,PZEA1688-1",472405.932099999,9525545.537,53,2.47036173917067,7.26727654006237,2.47036173917067,8,NA,0.4,549 puntos
EA1688,EA1688_09,SUE-EA1688-12,A27,"L-X,6,PZEA1688-2",472414.4586,9525554.05599999,53,5.21663723901004,10.3912267757936,5.21663723901004,0,NA,0.4,549 puntos
EA1688,EA1688_07,SUE-EA1688-25,A17,"L-X,6,PZEA1688-4",472414.3141,9525542.74699999,53,6.86199938414112,11.9712263994446,6.86199938414112,0,NA,0.4,549 puntos
EA1688,EA1688_07,SUE-EA1688-32,A17,"L-X,6,PZEA1688-5",472411.068199999,9525548.50999999,53,9,12,9,8,NA,0.4,549 puntos
EA1688,EA1688_07,SUE-EA1688-54,A17,"L-X,6,PZEA1688-6",472414.068199999,9525545.50999999,53,9,12,9,8,NA,0.4,549 puntos
EA1688,EA1688_09,SUE-EA1688-59,A27,"L-X,6,PZEA1688-7",472417.818199999,9525557.50999999,53,5.8687815789014,11.4516307162564,5.8687815789014,27,NA,0.4,549 puntos
EA1688,EA1688_07,SUE-EA1688-62,A17,"L-X,6,PZEA1688-8",472414.068199999,9525551.50999999,53,9,12,9,23,NA,0.4,549 puntos
EA1688,EA1688_09,SUE-EA1688-85,A27,"L-X,6,PZEA1688-9",472417.068199999,9525554.50999999,53,9,12,9,76,NA,0.4,549 puntos
EA1696,EA1696_27,SUE-EA1696-3,A16,"L-X,6,PZEA1696-1",471822.037799999,9525836.721,10,7.18767608292682,12.0000808686283,7.18767608292682,32,NA,0.4,549 puntos
EA1696,EA1696_66,SUE-EA1696-44,A10,"L-X,6,PZEA1696-2",471800.753199999,9525833.23599999,10,8.99980345145575,11.9998689720324,8.99980345145575,5,NA,0.4,549 puntos
EA1696,EA1696_24,SUE-EA1696-74,A79,"L-X,6,PZEA1696-3",471802.823399999,9525897.82499999,10,8.99964886355816,11.9997659481101,8.99964886355816,39,NA,0.4,549 puntos
EA1696,EA1696_28,SUE-EA1696-78,A17,"L-X,6,PZEA1696-4",471824.802599999,9525835.81,10,9.00007828282877,12.0000521941618,9.00007828282877,577,NA,0.4,549 puntos
EA1696,EA1696_28,SUE-EA1696-158,A17,"L-X,6,PZEA1696-5",471829.096399999,9525830.65599999,10,8.99960590007057,11.9997372691054,8.99960590007057,41,NA,0.4,549 puntos
EA1696,EA1696_66,SUE-EA1696-180,A10,"L-X,6,PZEA1696-6",471804.704399999,9525834.78199999,10,9.00039612872815,12.0002640943113,9.00039612872815,50,NA,0.4,549 puntos
EA1696,EA1696_28,SUE-EA1696-229,A17,"L-X,6,PZEA1696-7",471826.3481,9525831.85799999,10,8.99992373921153,11.9999491650894,8.99992373921153,67,NA,0.4,549 puntos
EA1696,EA1696_24,SUE-EA1696-231,A79,"L-X,6,PZEA1696-8",471803.5405,9525894.23599999,10,3.57482654073372,8.38340089505316,3.57482654073372,121,NA,0.4,549 puntos
EA1696,EA1696_24,SUE-EA1696-241,A79,"L-X,6,PZEA1696-9",471796.124,9525897.482,10,9.00015556281666,12.0001037128282,9.00015556281666,20,NA,0.4,549 puntos
EA1696,EA1696_24,SUE-EA1696-301,A79,"L-X,6,PZEA1696-10",471800.0751,9525899.028,10,8.99909927693252,11.9993995047074,8.99909927693252,49,NA,0.4,549 puntos
EA1696,EA1696_24,SUE-EA1696-313,A79,"L-X,6,PZEA1696-11",471804.0262,9525900.573,10,9.00110037121174,12.000733568654,9.00110037121174,26,NA,0.4,549 puntos
EA1696,EA1696_28,SUE-EA1696-316,A17,"L-X,6,PZEA1696-12",471822.396999999,9525830.31299999,10,8.9996058886312,11.9997372711304,8.9996058886312,52,NA,0.4,549 puntos
EA1696,EA1696_28,SUE-EA1696-334,A17,"L-X,6,PZEA1696-13",471830.2992,9525833.40399999,10,9.00004399860663,12.0000293698108,9.00004399860663,27,NA,0.4,549 puntos
EA1696,EA1696_27,SUE-EA1696-370,A16,"L-X,6,PZEA1696-14",471812.606599999,9525837.87299999,10,9.0000782829479,12.0000522058145,9.0000782829479,21,NA,0.4,549 puntos
EA1696,EA1696_41,SUE-EA1696-401,A56,"L-X,6,PZEA1696-15",471843.873,9525856.936,10,9.00039611728873,12.0002640853083,9.00039611728873,14,NA,0.4,549 puntos
EA1696,EA1696_41,SUE-EA1696-404,A56,"L-X,6,PZEA1696-16",471846.6214,9525855.73299999,10,9.00012129775569,12.000080864898,9.00012129775569,15,NA,0.4,549 puntos
EA1696,EA1696_27,SUE-EA1696-439,A16,"L-X,6,PZEA1696-17",471814.152,9525833.921,10,8.99992372809142,11.9999491734577,8.99992372809142,21,NA,0.4,549 puntos
EA1696,EA1696_41,SUE-EA1696-445,A56,"L-X,6,PZEA1696-18",471849.369699999,9525854.52999999,10,9.00000100796009,12.0000006755745,9.00000100796009,47,NA,0.4,549 puntos
EA1696,EA1696_27,SUE-EA1696-467,A16,"L-X,6,PZEA1696-19",471816.442299999,9525839.37299999,10,8.33125517203786,11.9997659523978,8.33125517203786,76,NA,0.4,549 puntos
EA1696,EA1696_27,SUE-EA1696-481,A16,"L-X,6,PZEA1696-20",471816.900299999,9525832.718,10,8.99995800119317,11.9999720058733,8.99995800119317,32,NA,0.4,549 puntos
EA1696,EA1696_41,SUE-EA1696-514,A56,"L-X,6,PZEA1696-21",471847.824199999,9525858.481,10,8.99988072828353,11.9999204907012,8.99988072828353,27,NA,0.4,549 puntos
EA1696,EA1696_66,SUE-EA1696-599,A10,"L-X,6,PZEA1696-22",471803.5015,9525832.03299999,10,8.99972615914641,11.9998174715123,8.99972615914641,14,NA,0.4,549 puntos
EA1696,EA1696_66,SUE-EA1696-602,A10,"L-X,6,PZEA1696-23",471799.5504,9525830.48799999,10,8.99980345085506,11.9998689733922,8.99980345085506,21,NA,0.4,549 puntos
EA1696,EA1696_41,SUE-EA1696-613,A56,"L-X,6,PZEA1696-24",471848.1668,9525851.78199999,10,9.00019857274359,12.000132382876,9.00019857274359,5506,NA,0.4,549 puntos
EA1696,EA1696_66,SUE-EA1696-632,A10,"L-X,6,PZEA1696-25",471802.298699999,9525829.285,10,9.00074824864985,12.0004988338424,9.00074824864985,48,NA,0.4,549 puntos
EA1674,EA1674_08,SUE-EA1674-12,A20,"L-X,6,PZEA1674-1",471670.068199999,9524918.50999999,36,9,12,9,68,NA,0.4,549 puntos
EA1674,EA1674_18,SUE-EA1674-55,A13,"L-X,6,PZEA1674-2",471672.797499999,9524908.97499999,36,5.40988406127316,10.55072611371,5.40988406127316,0,NA,0.4,549 puntos
EA1674,EA1674_18,SUE-EA1674-68,A13,"L-X,6,PZEA1674-3",471662.9167,9524906.67799999,36,2.01665421041159,7.65660953710737,2.01665421041159,38,NA,0.4,549 puntos
EA1674,EA1674_08,SUE-EA1674-80,A20,"L-X,6,PZEA1674-4",471673.0126,9524921.026,36,6.07020000088959,10.0803622631823,6.07020000088959,0,NA,0.4,549 puntos
EA1674,EA1674_18,SUE-EA1674-89,A13,"L-X,6,PZEA1674-5",471667.027999999,9524909.40799999,36,8.36686976138191,11.596700237269,8.36686976138191,29,NA,0.4,549 puntos
EA1674,EA1674_08,SUE-EA1674-95,A20,"L-X,6,PZEA1674-6",471670.111199999,9524915.69899999,36,7.84830000065267,11.265762262748,7.84830000065267,38,NA,0.4,549 puntos
EA1674,EA1674_08,SUE-EA1674-96,A20,"L-X,6,PZEA1674-7",471667.1201,9524915.923,36,6.49830000009387,10.3657622626518,6.49830000009387,1183,NA,0.4,549 puntos
EA1674,EA1674_18,SUE-EA1674-103,A13,"L-X,6,PZEA1674-8",471664.065899999,9524909.55599999,36,8.71415032017921,12.2710327576573,8.71415032017921,16,NA,0.4,549 puntos
EA1674,EA1674_08,SUE-EA1674-106,A20,"L-X,6,PZEA1674-9",471673.8212,9524912.54499999,36,3.84238571535335,10.205326394137,3.84238571535335,45,NA,0.4,549 puntos
EA1627,EA1627_07,SUE-EA1627-10,CHUTA,"L-X,6,PZEA1627-1",471853.066799999,9525299.50899999,36,8.99153604005283,11.9296502374603,8.99153604005283,3723,NA,0.4,549 puntos
EA1627,EA1627_07,SUE-EA1627-14,CHUTA,"L-X,6,PZEA1627-2",471844.0884,9525302.58999999,36,8.5154655223117,11.7561933793869,8.5154655223117,39,NA,0.4,549 puntos
EA1627,EA1627_14,SUE-EA1627-22,A26,"L-X,6,PZEA1627-3",471856.0702,9525284.31499999,36,7.83040732421762,11.2203728076615,7.83040732421762,2092,NA,0.4,549 puntos
EA1627,EA1627_07,SUE-EA1627-85,CHUTA,"L-X,6,PZEA1627-4",471847.537399999,9525300.491,36,2.40780000016093,7.96207927138577,2.40780000016093,1203,NA,0.4,549 puntos
EA1627,EA1627_07,SUE-EA1627-99,CHUTA,"L-X,6,PZEA1627-5",471855.8934,9525299.13099999,36,6.46394999977201,10.6662241412946,6.46394999977201,13304,0.3304,0.4,549 puntos
EA1627,EA1627_14,SUE-EA1627-124,A26,"L-X,6,PZEA1627-6",471850.0631,9525284.29199999,36,7.66738824146711,11.2473728016438,7.66738824146711,0,NA,0.4,549 puntos
EA1627,EA1627_07,SUE-EA1627-134,CHUTA,"L-X,6,PZEA1627-7",471826.1008,9525303.21399999,36,4.76954999752342,9.18686747785761,4.76954999752342,0,NA,0.4,549 puntos
EA1627,EA1627_14,SUE-EA1627-149,A26,"L-X,6,PZEA1627-8",471853.068199999,9525281.50999999,36,9,12,9,412,NA,0.4,549 puntos
EA1627,EA1627_07,SUE-EA1627-150,CHUTA,"L-X,6,PZEA1627-9",471838.0356,9525304.80599999,36,4.77000000234693,9.18716058255876,4.77000000234693,0,NA,0.4,549 puntos
EA1627,EA1627_14,SUE-EA1627-169,A26,"L-X,6,PZEA1627-10",471856.068199999,9525281.50999999,36,9,12,9,181,NA,0.4,549 puntos
EA1627,EA1627_07,SUE-EA1627-170,CHUTA,"L-X,6,PZEA1627-11",471829.097,9525303.10999999,36,5.3918999992311,9.60176058061,5.3918999992311,302,NA,0.4,549 puntos
EA1627,EA1627_07,SUE-EA1627-181,CHUTA,"L-X,6,PZEA1627-12",471832.094099999,9525303.00699999,36,6.01425000093877,10.0166674801345,6.01425000093877,0,NA,0.4,549 puntos
EA180,EA180_02,SUE-EA180-15,A10,"L-X,6,PZEA180-1",471826.068199999,9524915.50999999,44,9,12,9,16,NA,0.4,549 puntos
EA180,EA180_02,SUE-EA180-17,A10,"L-X,6,PZEA180-2",471828.780599999,9524921.50999999,44,7.27410000097006,10.8494000006467,7.27410000097006,0,NA,0.4,549 puntos
EA180,EA180_02,SUE-EA180-22,A10,"L-X,6,PZEA180-3",471826.068199999,9524921.50999999,44,9,12,9,24,NA,0.4,549 puntos
EA180,EA180_02,SUE-EA180-30,A10,"L-X,6,PZEA180-4",471828.780599999,9524918.50999999,44,7.27410000097006,10.8494000006467,7.27410000097006,0,NA,0.4,549 puntos
EA68,EA68_05,SUE-EA68-19,A4,"L-X,6,PZEA68-1",472858.045299999,9526652.50999999,154,8.85314837509986,12.3001474061985,8.85314837509986,0,NA,0.4,549 puntos
EA68,EA68_05,SUE-EA68-27,A4,"L-X,6,PZEA68-2",472855.068199999,9526652.50999999,154,9,12,9,4796,NA,0.4,549 puntos
EA68,EA68_05,SUE-EA68-32,A4,"L-X,6,PZEA68-3",472858.068299999,9526655.50999999,154,8.99913639998632,12.0230529511643,8.99913639998632,3193,NA,0.4,549 puntos
EA68,EA68_05,SUE-EA68-40,A4,"L-X,6,PZEA68-4",472860.808,9526657.95099999,154,4.74250494984525,9.03404751266019,4.74250494984525,9,NA,0.4,549 puntos
EA68,EA68_05,SUE-EA68-43,A4,"L-X,6,PZEA68-5",472858.068199999,9526649.50999999,154,9,12,9,7,NA,0.4,549 puntos
EA280,EA280_06,SUE-EA280-2,A2,"L-X,6,PZEA280-1",474001.061999999,9525815.515,224,8.96252298021687,11.9678484888069,8.96252298021687,178,NA,0.4,549 puntos
EA280,EA280_06,SUE-EA280-4,A2,"L-X,6,PZEA280-2",474004.0197,9525817.56699999,224,3.32801850683116,8.14138589097648,3.32801850683116,81,NA,0.4,549 puntos
EA280,EA280_06,SUE-EA280-8,A2,"L-X,6,PZEA280-3",474007.0552,9525815.525,224,8.90644822502628,11.7998280248877,8.90644822502628,79,NA,0.4,549 puntos
EA280,EA280_06,SUE-EA280-16,A2,"L-X,6,PZEA280-4",473998.364699999,9525815.287,224,6.6046585859659,10.5250278907088,6.6046585859659,56,NA,0.4,549 puntos
EA5665,EA5665_13,SUE-EA5665-10,A30,"L-X,6,PZEA5665-1",472345.0165,9526151.445,68,8.56339539078083,12.5806044196693,8.56339539078083,0,NA,0.4,549 puntos
EA5665,EA5665_09,SUE-EA5665-34,A12,"L-X,6,PZEA5665-2",472276.5495,9526137.35799999,68,2.89393157901814,9.84473381129604,2.89393157901814,7,NA,0.4,549 puntos
EA5665,EA5665_09,SUE-EA5665-49,A12,"L-X,6,PZEA5665-3",472282.0041,9526136.289,68,7.63155000004917,11.1577119883979,7.63155000004917,45,NA,0.4,549 puntos
EA5665,EA5665_09,SUE-EA5665-65,A12,"L-X,6,PZEA5665-4",472279.068199999,9526130.50999999,68,9,12,9,742,NA,0.4,549 puntos
EA5665,EA5665_16,SUE-EA5665-75,A27,"L-X,6,PZEA5665-5",472318.068199999,9526151.50999999,68,9,12,9,144,NA,0.4,549 puntos
EA5665,EA5665_16,SUE-EA5665-104,A27,"L-X,6,PZEA5665-6",472315.068199999,9526154.50999999,68,9,12,9,823,NA,0.4,549 puntos
EA5665,EA5665_13,SUE-EA5665-124,A30,"L-X,6,PZEA5665-7",472348.051399999,9526148.524,68,8.89568964508472,11.80996139757,8.89568964508472,27,NA,0.4,549 puntos
EA5665,EA5665_13,SUE-EA5665-125,A30,"L-X,6,PZEA5665-8",472342.068199999,9526148.50999999,68,9,12,9,0,NA,0.4,549 puntos
EA5665,EA5665_13,SUE-EA5665-169,A30,"L-X,6,PZEA5665-9",472342.101699999,9526154.47699999,68,8.7682015146416,11.9864890478694,8.7682015146416,0,NA,0.4,549 puntos
EA5665,EA5665_09,SUE-EA5665-179,A12,"L-X,6,PZEA5665-10",472282.068199999,9526133.50999999,68,9,12,9,67,NA,0.4,549 puntos
EA5665,EA5665_16,SUE-EA5665-182,A27,"L-X,6,PZEA5665-11",472312.068199999,9526154.50999999,68,9,12,9,80,NA,0.4,549 puntos
EA5665,EA5665_09,SUE-EA5665-211,A12,"L-X,6,PZEA5665-12",472282.068199999,9526130.50999999,68,9,12,9,4483,NA,0.4,549 puntos
EA5665,EA5665_16,SUE-EA5665-237,A27,"L-X,6,PZEA5665-13",472315.068199999,9526151.50999999,68,9,12,9,100,NA,0.4,549 puntos
EA5665,EA5665_13,SUE-EA5665-238,A30,"L-X,6,PZEA5665-14",472342.068199999,9526151.50999999,68,9,12,9,0,NA,0.4,549 puntos
EA5782,EA5782_50,SUE-EA5782-79,A56,"L-X,6,PZEA5782-1",471745.068199999,9526229.50999999,5,9,12,9,115,NA,1,549 puntos
EA5782,EA5782_16,SUE-EA5782-84,A46,"L-X,6,PZEA5782-2",471739.068199999,9526202.50999999,5,9,12,9,1230,NA,1,549 puntos
EA5782,EA5782_50,SUE-EA5782-186,A56,"L-X,6,PZEA5782-3",471745.068199999,9526226.50999999,5,9,12,9,80,NA,0.6,549 puntos
EA5782,EA5782_49,SUE-EA5782-194,A55,"L-X,6,PZEA5782-4",471751.068199999,9526220.50999999,5,9,12,9,2340,NA,1,549 puntos
EA5782,EA5782_16,SUE-EA5782-199,A46,"L-X,6,PZEA5782-5",471742.068199999,9526202.50999999,5,9,12,9,19379,0.9379,1,549 puntos
EA5782,EA5782_10,SUE-EA5782-219,A30,"L-X,6,PZEA5782-6",471784.068199999,9526166.50999999,5,9,12,9,214,NA,0.5,549 puntos
EA5782,EA5782_16,SUE-EA5782-250,A46,"L-X,6,PZEA5782-7",471736.068199999,9526202.50999999,5,9,12,9,251,NA,0.8,549 puntos
EA5782,EA5782_10,SUE-EA5782-278,A30,"L-X,6,PZEA5782-8",471781.083999999,9526166.53099999,5,8.86923743923526,11.8126654815621,8.86923743923526,174,NA,1,549 puntos
EA5782,EA5782_16,SUE-EA5782-326,A46,"L-X,6,PZEA5782-9",471742.068199999,9526205.50999999,5,9,12,9,1208,NA,1,549 puntos
EA5782,EA5782_10,SUE-EA5782-386,A30,"L-X,6,PZEA5782-10",471784.068199999,9526172.50999999,5,9,12,9,380,NA,1,549 puntos
EA5782,EA5782_10,SUE-EA5782-393,A30,"L-X,6,PZEA5782-11",471789.2112,9526172.603,5,3.81403866099313,8.57993078100748,3.81403866099313,820,NA,1,549 puntos
EA5782,EA5782_43,SUE-EA5782-397,A6,"L-X,6,PZEA5782-12",471786.8081,9526142.448,5,7.1144902417859,10.7071598083482,7.1144902417859,665,NA,0.3,549 puntos
EA5782,EA5782_49,SUE-EA5782-404,A55,"L-X,6,PZEA5782-13",471757.068199999,9526229.50999999,5,9,12,9,12404,0.2404,0.9,549 puntos
EA5782,EA5782_43,SUE-EA5782-414,A6,"L-X,6,PZEA5782-14",471786.3836,9526136.583,5,4.85775000136345,9.27573078063748,4.85775000136345,6895,NA,0.75,549 puntos
EA5782,EA5782_49,SUE-EA5782-418,A55,"L-X,6,PZEA5782-15",471757.068199999,9526226.50999999,5,9,12,9,563,NA,1,549 puntos
EA5782,EA5782_10,SUE-EA5782-444,A30,"L-X,6,PZEA5782-16",471781.068199999,9526172.50999999,5,9,12,9,0,NA,1,549 puntos
EA5782,EA5782_16,SUE-EA5782-453,A46,"L-X,6,PZEA5782-17",471739.068199999,9526205.50999999,5,9,12,9,289,NA,1,549 puntos
EA5782,EA5782_49,SUE-EA5782-471,A55,"L-X,6,PZEA5782-18",471751.068199999,9526223.50999999,5,9,12,9,3201,NA,1,549 puntos
EA5782,EA5782_50,SUE-EA5782-480,A56,"L-X,6,PZEA5782-19",471748.068199999,9526229.50999999,5,9,12,9,7043,NA,1,549 puntos
EA5782,EA5782_49,SUE-EA5782-489,A55,"L-X,6,PZEA5782-20",471748.068199999,9526226.50999999,5,9,12,9,6715,NA,1,549 puntos
EA5782,EA5782_43,SUE-EA5782-499,A6,"L-X,6,PZEA5782-21",471786.6193,9526139.56699999,5,6.2799000008963,10.22381517249,6.2799000008963,236,NA,0.75,549 puntos
EXBATPN31-EA20,EXBATPN31-EA20_65,SUE-EXBATPN31-EA20-23,A24,"L-X,6,EXBATPN31-EA20-1",471875.8583,9525928.774,10,8.99993122876737,11.9999541545657,8.99993122876737,8100,NA,0.4,549 puntos
EXBATPN31-EA20,EXBATPN31-EA20_39,SUE-EXBATPN31-EA20-60,A20,"L-X,6,EXBATPN31-EA20-2",471866.2566,9525920.432,10,8.94311163601766,11.8364611643916,8.94311163601766,108,NA,0.4,549 puntos
EXBATPN31-EA20,EXBATPN31-EA20_41,SUE-EXBATPN31-EA20-116,A39,"L-X,6,EXBATPN31-EA20-3",471861.106099999,9525932.821,10,8.99993122876737,11.9999541545657,8.99993122876737,128,NA,0.4,549 puntos
EXBATPN31-EA20,EXBATPN31-EA20_60,SUE-EXBATPN31-EA20-125,A14,"L-X,6,EXBATPN31-EA20-4",471929.092699999,9525916.003,10,9.00004925264936,12.0000328350546,9.00004925264936,15,NA,0.4,549 puntos
EXBATPN31-EA20,EXBATPN31-EA20_41,SUE-EXBATPN31-EA20-129,A39,"L-X,6,EXBATPN31-EA20-5",471861.5691,9525941.88299999,10,7.86930083029864,12.000046883029,7.86930083029864,3438,NA,0.4,549 puntos
EXBATPN31-EA20,EXBATPN31-EA20_41,SUE-EXBATPN31-EA20-144,A39,"L-X,6,EXBATPN31-EA20-6",471858.534999999,9525939.017,10,8.99977106702274,11.9998473787112,8.99977106702274,459,NA,0.4,549 puntos
EXBATPN31-EA20,EXBATPN31-EA20_60,SUE-EXBATPN31-EA20-154,A14,"L-X,6,EXBATPN31-EA20-7",471928.530299999,9525908.01799999,10,3.03001130085581,8.02002774433945,3.03001130085581,2979,NA,0.4,549 puntos
EXBATPN31-EA20,EXBATPN31-EA20_41,SUE-EXBATPN31-EA20-165,A39,"L-X,6,EXBATPN31-EA20-8",471852.549799999,9525939.43799999,10,9.00009139849523,12.0000609321754,9.00009139849523,6,NA,0.4,549 puntos
EXBATPN31-EA20,EXBATPN31-EA20_65,SUE-EXBATPN31-EA20-166,A24,"L-X,6,EXBATPN31-EA20-9",471876.069,9525930.75999999,10,4.11195884439611,11.9998473764176,4.11195884439611,48,NA,0.4,549 puntos
EXBATPN31-EA20,EXBATPN31-EA20_39,SUE-EXBATPN31-EA20-170,A20,"L-X,6,EXBATPN31-EA20-10",471864.273999999,9525921.18799999,10,2.04945902092465,7.2299300682893,2.04945902092465,64,NA,0.4,549 puntos
EXBATPN31-EA20,EXBATPN31-EA20_13,SUE-EXBATPN31-EA20-245,A50,"L-X,6,EXBATPN31-EA20-11",471961.8984,9525954.78999999,10,2.97013540571007,7.98010126989855,2.97013540571007,66,NA,0.4,549 puntos
EXBATPN31-EA20,EXBATPN31-EA20_65,SUE-EXBATPN31-EA20-282,A24,"L-X,6,EXBATPN31-EA20-12",471878.4294,9525922.57899999,10,8.99977106403943,11.9998473767223,8.99977106403943,104,NA,0.4,549 puntos
EXBATPN31-EA20,EXBATPN31-EA20_65,SUE-EXBATPN31-EA20-345,A24,"L-X,6,EXBATPN31-EA20-13",471873.22120000003,9525930.96,10,2.54241404947738,7.11637277616051,2.54241404947738,73,NA,0.4,549 puntos
EXBATPN31-EA20,EXBATPN31-EA20_3,SUE-EXBATPN31-EA20-364,A37,"L-X,6,EXBATPN31-EA20-14",471879.4831,9525937.54099999,10,8.99993123175072,11.9999541565546,8.99993123175072,64,NA,0.4,549 puntos
EXBATPN31-EA20,EXBATPN31-EA20_60,SUE-EXBATPN31-EA20-367,A14,"L-X,6,EXBATPN31-EA20-15",471925.889299999,9525913.221,10,8.99993123175067,11.9999541565546,8.99993123175067,53,NA,0.4,549 puntos
EXBATPN31-EA20,EXBATPN31-EA20_39,SUE-EXBATPN31-EA20-403,A20,"L-X,6,EXBATPN31-EA20-16",471869.240899999,9525920.218,10,8.99993123175067,11.9999541565546,8.99993123175067,116,NA,0.4,549 puntos
EXBATPN31-EA20,EXBATPN31-EA20_60,SUE-EXBATPN31-EA20-429,A14,"L-X,6,EXBATPN31-EA20-17",471925.678599999,9525910.229,10,8.99977106403943,11.9998473767223,8.99977106403943,51,NA,0.4,549 puntos
EXBATPN31-EA20,EXBATPN31-EA20_3,SUE-EXBATPN31-EA20-479,A37,"L-X,6,EXBATPN31-EA20-18",471879.6939,9525940.53399999,10,9.00007032280977,12.0000468851067,9.00007032280977,1625,NA,0.4,549 puntos
EXBATPN31-EA20,EXBATPN31-EA20_3,SUE-EXBATPN31-EA20-481,A37,"L-X,6,EXBATPN31-EA20-19",471876.4905,9525937.752,10,9.00007032410519,12.0000468859703,9.00007032410519,84,NA,0.4,549 puntos
EXBATPN31-EA20,EXBATPN31-EA20_13,SUE-EXBATPN31-EA20-496,A50,"L-X,6,EXBATPN31-EA20-20",471961.617399999,9525950.799,10,3.02999021854162,8.02001369392703,3.02999021854162,278,NA,0.4,549 puntos
EXBATPN31-EA20,EXBATPN31-EA20_13,SUE-EXBATPN31-EA20-515,A50,"L-X,6,EXBATPN31-EA20-21",471955.351599999,9525947.23599999,10,9.00007032151439,12.0000468842431,9.00007032151439,81,NA,0.4,549 puntos
EXBATPN31-EA20,EXBATPN31-EA20_41,SUE-EXBATPN31-EA20-521,A39,"L-X,6,EXBATPN31-EA20-22",471855.542399999,9525939.22699999,10,9.00007031853104,12.0000468822542,9.00007031853104,40,NA,0.4,549 puntos
EXBATPN31-EA20,EXBATPN31-EA20_3,SUE-EXBATPN31-EA20-618,A37,"L-X,6,EXBATPN31-EA20-23",471873.847499999,9525940.99899999,10,8.14123249422277,12.0002604474501,8.14123249422277,0,NA,0.4,549 puntos
EXBATPN31-EA20,EXBATPN31-EA20_13,SUE-EXBATPN31-EA20-626,A50,"L-X,6,EXBATPN31-EA20-24",471955.526799999,9525949.72499999,10,5.96976685909586,9.97985010464773,5.96976685909586,57,NA,0.4,549 puntos
EXBATPN31-EA20,EXBATPN31-EA20_60,SUE-EXBATPN31-EA20-650,A14,"L-X,6,EXBATPN31-EA20-25",471922.685999999,9525910.43999999,10,9.00007032151444,12.0000468842431,9.00007032151444,38,NA,0.4,549 puntos
EXBATPN31-EA20,EXBATPN31-EA20_65,SUE-EXBATPN31-EA20-674,A24,"L-X,6,EXBATPN31-EA20-26",471875.4368,9525922.789,10,8.99993123175072,11.9999541565546,8.99993123175072,3852,NA,0.4,549 puntos
EXBATPN31-EA20,EXBATPN31-EA20_39,SUE-EXBATPN31-EA20-690,A20,"L-X,6,EXBATPN31-EA20-27",471866.464399999,9525917.99599999,10,4.36406316931203,8.69636453095825,4.36406316931203,121,NA,0.4,549 puntos
EA148,EA148_14,SUE-EA148-29,A10,"L-X,6,PZEA148-1",471544.068199999,9524984.50999999,2,9,12,9,5764,NA,1,549 puntos
EA148,EA148_03,SUE-EA148-30,A3,"L-X,6,PZEA148-2",471544.068199999,9524954.50999999,2,9,12,9,20,NA,1,549 puntos
EA148,EA148_14,SUE-EA148-50,A10,"L-X,6,PZEA148-3",471541.068199999,9524989.842,2,4.99140000343322,9.32760000228881,4.99140000343322,10,NA,1,549 puntos
EA148,EA148_03,SUE-EA148-63,A3,"L-X,6,PZEA148-4",471544.068199999,9524957.50999999,2,9,12,9,16,NA,1,549 puntos
EA148,EA148_14,SUE-EA148-80,A10,"L-X,6,PZEA148-5",471544.068199999,9524981.50999999,2,9,12,9,57,NA,1,549 puntos
EA148,EA148_03,SUE-EA148-82,A3,"L-X,6,PZEA148-6",471544.068199999,9524951.842,2,7.00859999656677,10.6723999977111,7.00859999656677,0,NA,1,549 puntos
EA148,EA148_03,SUE-EA148-87,A3,"L-X,6,PZEA148-7",471541.068199999,9524951.842,2,7.00859999656677,10.6723999977111,7.00859999656677,6,NA,1,549 puntos
EA148,EA148_03,SUE-EA148-106,A3,"L-X,6,PZEA148-8",471541.068199999,9524957.50999999,2,9,12,9,38,NA,1,549 puntos
EA148,EA148_14,SUE-EA148-108,A10,"L-X,6,PZEA148-9",471541.068199999,9524984.50999999,2,9,12,9,3657,NA,1,549 puntos
EA6902,EA6902_01,SUE-EA6902-1,A5,"L-X,6,PZEA6902-1",472024.262899999,9525962.40599999,10,7.3335000006482,10.9143113531849,7.33360662876396,0,NA,0.4,549 puntos
EA6902,EA6902_01,SUE-EA6902-2,A5,"L-X,6,PZEA6902-2",472027.254599999,9525962.63199999,10,8.50014872427617,11.6628215941982,8.50007987426129,947,NA,0.4,549 puntos
EA6902,EA6902_03,SUE-EA6902-20,A17,"L-X,6,PZEA6902-3",472014.9928,9525983.582,10,9,12.0000052713843,9.00000790393974,10,NA,0.4,549 puntos
EA6902,EA6902_01,SUE-EA6902-54,A5,"L-X,6,PZEA6902-4",472021.272799999,9525962.17899999,10,6.16356750070404,10.1341801094774,6.16355894875328,71,NA,0.4,549 puntos
EA6902,EA6902_03,SUE-EA6902-66,A17,"L-X,6,PZEA6902-5",472014.9894,9525978.278,10,4.79789999965578,9.22391446644066,4.79803109525617,144,NA,0.4,549 puntos
EA6902,EA6902_03,SUE-EA6902-72,A17,"L-X,6,PZEA6902-6",472017.010899999,9525983.50799999,10,3.06600000103935,8.0691446377643,3.06587487954601,59,NA,0.4,549 puntos
EA6902,EA6902_03,SUE-EA6902-81,A17,"L-X,6,PZEA6902-7",472011.993,9525983.549,10,9,12.0001063522197,9.00015952653659,82,NA,0.4,549 puntos
EA6902,EA6902_03,SUE-EA6902-97,A17,"L-X,6,PZEA6902-8",472009.025699999,9525980.517,10,9,12.0000052704834,9.00000790258825,52,NA,0.4,549 puntos
EA6902,EA6902_01,SUE-EA6902-139,A5,"L-X,6,PZEA6902-9",472027.252399999,9525959.71299999,10,9,12.0000074423028,9.00001116034616,41,NA,0.4,549 puntos
EA6902,EA6902_03,SUE-EA6902-140,A17,"L-X,6,PZEA6902-10",472017.236399999,9525980.537,10,4.23600000143051,8.84918986483757,4.2359333797237,94,NA,0.4,549 puntos
EA6902,EA6902_03,SUE-EA6902-144,A17,"L-X,6,PZEA6902-11",472017.367299999,9525978.44999999,10,2.1801578209095,5.97140174741263,2.18024474614582,33,NA,0.4,549 puntos
EA102A,EA102A_10,SUE-EA102A-17,A11,"L-X,6,PZEA102A-1",472135.112399999,9526031.46299999,18,8.67854279944685,11.5364453973742,8.67854279944685,212,NA,0.4,549 puntos
EA102A,EA102A_10,SUE-EA102A-35,A11,"L-X,6,PZEA102A-2",472129.3839,9526028.071,18,5.59638103870608,10.3374919387443,5.59638103870608,263,NA,0.4,549 puntos
EA102A,EA102A_09,SUE-EA102A-56,A2,"L-X,6,PZEA102A-3",472153.068199999,9526019.50999999,18,9,12,9,20,NA,0.4,549 puntos
EA102A,EA102A_09,SUE-EA102A-58,A2,"L-X,6,PZEA102A-4",472147.068199999,9526019.50999999,18,9,12,9,23,NA,0.4,549 puntos
EA102A,EA102A_09,SUE-EA102A-59,A2,"L-X,6,PZEA102A-5",472150.068199999,9526025.50999999,18,9,12,9,0,NA,0.4,549 puntos
EA102A,EA102A_09,SUE-EA102A-63,A2,"L-X,6,PZEA102A-6",472150.068199999,9526019.50999999,18,9,12,9,0,NA,0.4,549 puntos
EA102A,EA102A_10,SUE-EA102A-64,A11,"L-X,6,PZEA102A-7",472129.627099999,9526025.864,18,4.84034999879077,9.99588424538832,4.84034999879077,2,NA,0.4,549 puntos
EA102A,EA102A_10,SUE-EA102A-89,A11,"L-X,6,PZEA102A-8",472132.068199999,9526025.50999999,18,9,12,9,39,NA,0.4,549 puntos
EA102A,EA102A_09,SUE-EA102A-93,A2,"L-X,6,PZEA102A-9",472156.068199999,9526022.50999999,18,9,12,9,7547,NA,0.4,549 puntos
EA1211,EA1211_09,SUE-EA1211-2,B12,"L-X,6,PZEA1211-1",474466.068199999,9525305.50999999,100,9,12,9,33,NA,0.4,549 puntos
EA1211,EA1211_09,SUE-EA1211-5,B12,"L-X,6,PZEA1211-2",474468.918799999,9525323.60899999,100,7.99323699992048,11.2568110194138,7.99323699992048,242,NA,0.4,549 puntos
EA1211,EA1211_09,SUE-EA1211-13,B12,"L-X,6,PZEA1211-3",474468.099999999,9525306.20199999,100,2.53105261528527,8.99007010169229,2.53105261528527,26,NA,0.4,549 puntos
EA1211,EA1211_09,SUE-EA1211-15,B12,"L-X,6,PZEA1211-4",474469.014099999,9525308.56399999,100,8.61435443035109,11.4855587629352,8.61435443035109,1240,NA,0.4,549 puntos
EA1211,EA1211_09,SUE-EA1211-18,B12,"L-X,6,PZEA1211-5",474480.484699999,9525323.56399999,100,5.47740000067278,9.67780666227871,5.47740000067278,27,NA,0.4,549 puntos
EA1211,EA1211_09,SUE-EA1211-32,B12,"L-X,6,PZEA1211-6",474480.400299999,9525326.08599999,100,3.95065713656007,8.30052963899833,3.95065713656007,739,NA,0.4,549 puntos
EA1211,EA1211_09,SUE-EA1211-41,B12,"L-X,6,PZEA1211-7",474469.557399999,9525332.298,100,5.69172453044164,10.7969095740017,5.69172453044164,176,NA,0.4,549 puntos
EA1211,EA1211_09,SUE-EA1211-51,B12,"L-X,6,PZEA1211-8",474471.264499999,9525309.30499999,100,2.21026645088153,7.17861647355044,2.21026645088153,3748,NA,0.4,549 puntos
EA1211,EA1211_09,SUE-EA1211-52,B12,"L-X,6,PZEA1211-9",474472.068199999,9525317.50999999,100,9,12,9,16414,0.6414,0.4,549 puntos
EA1211,EA1211_09,SUE-EA1211-55,B12,"L-X,6,PZEA1211-10",474475.7564,9525323.141,100,4.10392091992724,9.04932705749374,4.10392091992724,836,NA,0.4,549 puntos
EA1211,EA1211_09,SUE-EA1211-62,B12,"L-X,6,PZEA1211-11",474469.7014,9525314.48,100,5.63342534947158,12.6808698065487,5.63342534947158,6952,NA,0.4,549 puntos
EA5867,EA5867_08,SUE-EA5867-3,B5,"L-X,6,PZEA5867-1",474066.4952,9525599.45299999,166,5.33195889069124,9.18285912512704,5.33195889069124,480,NA,0.4,549 puntos
EA5867,EA5867_08,SUE-EA5867-5,B5,"L-X,6,PZEA5867-2",474052.4976,9525610.90399999,166,4.241685159894,8.72745637275928,4.241685159894,67,NA,0.4,549 puntos
EA5867,EA5867_08,SUE-EA5867-6,B5,"L-X,6,PZEA5867-3",474057.624699999,9525610.925,166,4.33984432904873,9.25484861251496,4.33984432904873,81,NA,0.4,549 puntos
EA5867,EA5867_08,SUE-EA5867-12,B5,"L-X,6,PZEA5867-4",474052.380999999,9525606.426,166,2.86296776986167,7.2573812239398,2.86296776986167,7603,NA,0.4,549 puntos
EA5867,EA5867_08,SUE-EA5867-15,B5,"L-X,6,PZEA5867-5",474058.8825,9525603.15899999,166,2.62434532488261,7.88607046656418,2.62434532488261,91,NA,0.4,549 puntos
EA5867,EA5867_08,SUE-EA5867-25,B5,"L-X,6,PZEA5867-6",474064.297399999,9525599.694,166,7.21405824859356,11.776953323592,7.21405824859356,291,NA,0.4,549 puntos
EA1545,EA1545_39,SUE-EA1545-64,A8,"L-X,6,PZEA1545-1",471640.068199999,9524123.50999999,46,9,12,9,725,NA,0.4,549 puntos
EA1545,EA1545_17,SUE-EA1545-113,A2,"L-X,6,PZEA1545-2",471625.3986,9524123.536,46,6.79430383759964,12.7897483464272,6.79430383759964,1106,NA,0.4,549 puntos
EA1545,EA1545_29,SUE-EA1545-128,A27,"L-X,6,PZEA1545-3",471640.068199999,9524156.50999999,46,9,12,9,5833,NA,0.4,549 puntos
EA1545,EA1545_17,SUE-EA1545-138,A2,"L-X,6,PZEA1545-4",471625.081799999,9524120.49699999,46,8.91284761978498,11.7684322801594,8.91284761978498,178,NA,0.4,549 puntos
EA1545,EA1545_06,SUE-EA1545-180,A55,"L-X,6,PZEA1545-5",471682.274399999,9524210.35199999,46,7.49780802016162,11.0138677335618,7.49780802016162,2194,NA,0.4,549 puntos
EA1545,EA1545_29,SUE-EA1545-195,A27,"L-X,6,PZEA1545-6",471646.068199999,9524153.50999999,46,9,12,9,4111,NA,0.4,549 puntos
EA1545,EA1545_39,SUE-EA1545-196,A8,"L-X,6,PZEA1545-7",471634.068199999,9524123.50999999,46,9,12,9,936,NA,0.4,549 puntos
EA1545,EA1545_29,SUE-EA1545-205,A27,"L-X,6,PZEA1545-8",471640.068199999,9524153.50999999,46,9,12,9,1862,NA,0.4,549 puntos
EA1545,EA1545_29,SUE-EA1545-213,A27,"L-X,6,PZEA1545-9",471637.068199999,9524153.50999999,46,9,12,9,18,NA,0.4,549 puntos
EA1545,EA1545_39,SUE-EA1545-214,A8,"L-X,6,PZEA1545-10",471634.068199999,9524120.50999999,46,9,12,9,599,NA,0.4,549 puntos
EA1545,EA1545_06,SUE-EA1545-246,A55,"L-X,6,PZEA1545-11",471688.062199999,9524213.515,46,8.96250460006134,11.8247334927381,8.96250460006134,0,NA,0.4,549 puntos
EA1545,EA1545_39,SUE-EA1545-255,A8,"L-X,6,PZEA1545-12",471640.068199999,9524120.50999999,46,9,12,9,46,NA,0.4,549 puntos
EA1545,EA1545_06,SUE-EA1545-269,A55,"L-X,6,PZEA1545-13",471682.068199999,9524207.50999999,46,9,12,9,0,NA,0.4,549 puntos
EA1545,EA1545_17,SUE-EA1545-304,A2,"L-X,6,PZEA1545-14",471625.068199999,9524117.50999999,46,9,12,9,1128,NA,0.4,549 puntos
EA1545,EA1545_06,SUE-EA1545-308,A55,"L-X,6,PZEA1545-15",471685.0479,9524207.52899999,46,8.86935153003382,11.7204568354279,8.86935153003382,0,NA,0.4,549 puntos
EA1545,EA1545_39,SUE-EA1545-351,A8,"L-X,6,PZEA1545-16",471637.3226,9524117.891,46,6.1503513885595,11.3381753230478,6.1503513885595,56,NA,0.4,549 puntos
EA1545,EA1545_17,SUE-EA1545-361,A2,"L-X,6,PZEA1545-17",471622.2883,9524114.979,46,5.81235000025481,10.325901665274,5.81235000025481,87,NA,0.4,549 puntos
EA1545,EA1545_29,SUE-EA1545-389,A27,"L-X,6,PZEA1545-18",471643.068199999,9524159.50999999,46,9,12,9,1209,NA,0.4,549 puntos
EA211,EA211_01,SUE-EA211-8,A9,"L-X,6,PZEA211-1",471565.068199999,9524312.50999999,41,9,12,9,2344,NA,0.4,549 puntos
EA211,EA211_01,SUE-EA211-12,A9,"L-X,6,PZEA211-2",471568.068199999,9524314.642,41,3.7920000012964,8.52800000086426,3.7920000012964,57,NA,0.4,549 puntos
EA211,EA211_01,SUE-EA211-13,A9,"L-X,6,PZEA211-3",471571.068199999,9524312.50999999,41,9,12,9,144,NA,0.4,549 puntos
EA211,EA211_01,SUE-EA211-23,A9,"L-X,6,PZEA211-4",471565.068199999,9524314.642,41,3.7920000012964,8.52800000086426,3.7920000012964,1050,NA,0.4,549 puntos
EA181,EA181_03,SUE-EA181-1,A8,"L-X,6,PZEA181-1",472321.3984,9526268.10899999,42,5.14312853979835,9.0757999997586,5.14312853979835,36,NA,0.4,549 puntos
EA181,EA181_03,SUE-EA181-10,A8,"L-X,6,PZEA181-2",472321.3984,9526265.50999999,42,7.01894999854266,10.6793000006951,7.01894999854266,35,NA,0.4,549 puntos
EA181,EA181_03,SUE-EA181-14,A8,"L-X,6,PZEA181-3",472323.8984,9526268.10899999,42,6.12024292184125,12,6.12024292184125,40,NA,0.4,549 puntos
EA181,EA181_03,SUE-EA181-24,A8,"L-X,6,PZEA181-4",472321.3984,9526262.50999999,42,7.01879999879747,10.6791999991983,7.01879999879747,153,NA,0.4,549 puntos
EA1877,EA1877_03,SUE-EA1877-8,A3,"L-X,6,PZEA1877-1",472218.8937,9526378.648,105,3.98315090533075,11.9999001148043,3.98315090533075,64,NA,0.4,549 puntos
EA1877,EA1877_25,SUE-EA1877-9,A21,"L-X,6,PZEA1877-2",472252.068199999,9526394.50999999,105,9,12,9,42,NA,0.4,549 puntos
EA1877,EA1877_25,SUE-EA1877-24,A21,"L-X,6,PZEA1877-3",472258.068199999,9526397.50999999,105,9,12,9,33,NA,0.4,549 puntos
EA1877,EA1877_14,SUE-EA1877-46,A29,"L-X,6,PZEA1877-4",472207.068199999,9526408.648,105,3.82515000086277,8.55010000224184,3.82515000086277,1682,NA,0.4,549 puntos
EA1877,EA1877_14,SUE-EA1877-54,A29,"L-X,6,PZEA1877-5",472209.3936,9526406.50999999,105,4.95239999983459,9.30159999988973,4.95239999983459,194,NA,0.4,549 puntos
EA1877,EA1877_14,SUE-EA1877-88,A29,"L-X,6,PZEA1877-6",472207.068199999,9526406.50999999,105,9,12,9,193,NA,0.4,549 puntos
EA1877,EA1877_14,SUE-EA1877-93,A29,"L-X,6,PZEA1877-7",472209.3936,9526408.648,105,2.10477000054467,5.85160000063478,2.10477000054467,16,NA,0.4,549 puntos
EA1877,EA1877_03,SUE-EA1877-130,A3,"L-X,6,PZEA1877-8",472219.0298,9526373.47699999,105,8.7468649200308,12,8.7468649200308,54,NA,0.4,549 puntos
EA1877,EA1877_14,SUE-EA1877-148,A29,"L-X,6,PZEA1877-9",472207.068199999,9526400.50999999,105,9,12,9,307,NA,0.4,549 puntos
EA1877,EA1877_03,SUE-EA1877-176,A3,"L-X,6,PZEA1877-10",472216.3936,9526378.648,105,2.99569984014732,7.24880000868934,2.99569984014732,70,NA,0.4,549 puntos
EA1877,EA1877_25,SUE-EA1877-191,A21,"L-X,6,PZEA1877-11",472255.068199999,9526397.50999999,105,9,12,9,0,NA,0.4,549 puntos
EA1877,EA1877_25,SUE-EA1877-240,A21,"L-X,6,PZEA1877-12",472258.068199999,9526395.148,105,5.17469999939203,9.44979999959468,5.17469999939203,328,NA,0.4,549 puntos
EA1877,EA1877_03,SUE-EA1877-244,A3,"L-X,6,PZEA1877-13",472216.3936,9526376.50999999,105,7.0476000001654,10.6984000001102,7.0476000001654,0,NA,0.4,549 puntos
EA6576,EA6576_18,SUE-EA6576-20,A46,"L-X,6,PZEA6576-1",472170.9326,9525913.87399999,52,5.05710000079125,9.50760178571996,5.05710000079125,206,NA,0.2,549 puntos
EA6576,EA6576_20,SUE-EA6576-61,A44,"L-X,6,PZEA6576-2",472183.068199999,9525908.50999999,52,9,12,9,1852,NA,0.4,549 puntos
EA6576,EA6576_20,SUE-EA6576-70,A44,"L-X,6,PZEA6576-3",472186.068199999,9525902.50999999,52,9,12,9,941,NA,0.4,549 puntos
EA6576,EA6576_11,SUE-EA6576-72,A41,"L-X,6,PZEA6576-4",472213.068199999,9525902.50999999,52,9,12,9,1207,NA,0.4,549 puntos
EA6576,EA6576_18,SUE-EA6576-121,A46,"L-X,6,PZEA6576-5",472165.068199999,9525908.50999999,52,9,12,9,0,NA,0.4,549 puntos
EA6576,EA6576_11,SUE-EA6576-127,A41,"L-X,6,PZEA6576-6",472219.1325,9525896.846,52,6.94364999793469,10.6876713136952,6.94364999793469,0,NA,0.2,549 puntos
EA6576,EA6576_20,SUE-EA6576-154,A44,"L-X,6,PZEA6576-7",472186.006999999,9525911.23299999,52,7.30005000159144,10.9252713161331,7.30005000159144,108,NA,0.4,549 puntos
EA6576,EA6576_11,SUE-EA6576-163,A41,"L-X,6,PZEA6576-8",472221.2236,9525899.24499999,52,3.11702049153808,7.3818893144907,3.11702049153808,2026,NA,0.4,549 puntos
EA6576,EA6576_11,SUE-EA6576-164,A41,"L-X,6,PZEA6576-9",472216.068199999,9525905.50999999,52,9,12,9,89,NA,0.4,549 puntos
EA6576,EA6576_20,SUE-EA6576-173,A44,"L-X,6,PZEA6576-10",472189.068199999,9525908.50999999,52,9,12,9,21,NA,0.4,549 puntos
EA6576,EA6576_18,SUE-EA6576-175,A46,"L-X,6,PZEA6576-11",472171.068199999,9525908.50999999,52,9,12,9,42,NA,0.2,549 puntos
EA6576,EA6576_18,SUE-EA6576-209,A46,"L-X,6,PZEA6576-12",472171.068199999,9525905.50999999,52,9,12,9,41,NA,0.2,549 puntos
EA6576,EA6576_11,SUE-EA6576-237,A41,"L-X,6,PZEA6576-13",472216.0125,9525902.54099999,52,8.65013908092381,12.3360837438481,8.65013908092381,2677,NA,0.4,549 puntos
EA6576,EA6576_18,SUE-EA6576-326,A46,"L-X,6,PZEA6576-14",472168.068199999,9525908.50999999,52,9,12,9,744,NA,0.2,549 puntos
EA6576,EA6576_20,SUE-EA6576-342,A44,"L-X,6,PZEA6576-15",472189.068199999,9525905.50999999,52,9,12,9,6642,NA,0.4,549 puntos
EA1733,EA1733_04,SUE-EA1733-11,A21,"L-X,6,PZEA1733-1",471508.068199999,9524384.50999999,34,9,12,9,740,NA,0.4,549 puntos
EA1733,EA1733_26,SUE-EA1733-24,A29,"L-X,6,PZEA1733-2",471535.068199999,9524393.50999999,34,9,12,9,14365,0.4365,0.4,549 puntos
EA1733,EA1733_04,SUE-EA1733-61,A21,"L-X,6,PZEA1733-3",471505.068199999,9524387.50999999,34,9,12,9,19,NA,0.4,549 puntos
EA1733,EA1733_26,SUE-EA1733-72,A29,"L-X,6,PZEA1733-4",471540.2528,9524387.63499999,34,4.02465000143274,8.75663622003993,4.02465000143274,2544,NA,0.4,549 puntos
EA1733,EA1733_06,SUE-EA1733-76,A18,"L-X,6,PZEA1733-5",471535.068199999,9524381.50999999,34,9,12,9,16821,0.6821,0.4,549 puntos
EA1733,EA1733_04,SUE-EA1733-94,A21,"L-X,6,PZEA1733-6",471511.068199999,9524384.50999999,34,9,12,9,596,NA,0.4,549 puntos
EA1733,EA1733_06,SUE-EA1733-100,A18,"L-X,6,PZEA1733-7",471532.068199999,9524384.50999999,34,9,12,9,34823,2.4823,0.4,549 puntos
EA1733,EA1733_06,SUE-EA1733-116,A18,"L-X,6,PZEA1733-8",471538.068199999,9524384.50999999,34,9,12,9,717,NA,0.4,549 puntos
EA1733,EA1733_06,SUE-EA1733-126,A18,"L-X,6,PZEA1733-9",471538.068199999,9524381.50999999,34,9,12,9,2710,NA,0.4,549 puntos
EA1733,EA1733_26,SUE-EA1733-148,A29,"L-X,6,PZEA1733-10",471538.068199999,9524390.50999999,34,9,12,9,15382,0.5382,0.4,549 puntos
EA1733,EA1733_04,SUE-EA1733-162,A21,"L-X,6,PZEA1733-11",471508.068199999,9524381.50999999,34,9,12,9,48,NA,0.4,549 puntos
EA1733,EA1733_26,SUE-EA1733-189,A29,"L-X,6,PZEA1733-12",471532.068199999,9524387.50999999,34,9,12,9,7096,NA,0.4,549 puntos
EA1733,EA1733_04,SUE-EA1733-191,A21,"L-X,6,PZEA1733-13",471505.068199999,9524381.50999999,34,9,12,9,475,NA,0.4,549 puntos
EA1733,EA1733_26,SUE-EA1733-215,A29,"L-X,6,PZEA1733-14",471540.9096,9524393.56799999,34,8.00897170591262,11.338540594903,8.00897170591262,186,NA,0.4,549 puntos
EA1733,EA1733_06,SUE-EA1733-216,A18,"L-X,6,PZEA1733-15",471535.068199999,9524378.50999999,34,9,12,9,1115,NA,0.4,549 puntos
EA210,EA210_05,SUE-EA210-7,A12,"L-X,6,PZEA210-1",471400.068199999,9524258.50999999,31,9,12,9,23,NA,0.4,549 puntos
EA210,EA210_05,SUE-EA210-30,A12,"L-X,6,PZEA210-2",471397.068199999,9524258.50999999,31,9,12,9,18,NA,0.4,549 puntos
EA210,EA210_05,SUE-EA210-36,A12,"L-X,6,PZEA210-3",471397.2063,9524261.378,31,7.9077000003308,12,7.9077000003308,34,NA,0.4,549 puntos
EA210,EA210_05,SUE-EA210-37,A12,"L-X,6,PZEA210-4",471400.068199999,9524255.50999999,31,9,12,9,32,NA,0.4,549 puntos
EA184,EA184_16,SUE-EA184-2,A31,"L-X,6,PZEA184-1",471610.068199999,9524468.50999999,47,9,12,9,633,NA,0.4,549 puntos
EA184,EA184_16,SUE-EA184-43,A31,"L-X,6,PZEA184-2",471613.068199999,9524471.50999999,47,9,12,9,146,NA,0.4,549 puntos
EA184,EA184_16,SUE-EA184-73,A31,"L-X,6,PZEA184-3",471619.068199999,9524471.50999999,47,9,12,9,452,NA,0.4,549 puntos
EA184,EA184_14,SUE-EA184-79,A18,"L-X,6,PZEA184-4",471628.068199999,9524480.50999999,47,9,12,9,0,NA,0.4,549 puntos
EA184,EA184_10,SUE-EA184-111,A35,"L-X,6,PZEA184-5",471603.5544,9524489.50999999,47,5.91720000095665,9.94480000063777,5.91720000095665,0,NA,0.4,549 puntos
EA184,EA184_10,SUE-EA184-113,A35,"L-X,6,PZEA184-6",471607.068199999,9524493.15499999,47,5.13269999809563,9.42179999873042,5.13269999809563,0,NA,0.4,549 puntos
EA184,EA184_10,SUE-EA184-116,A35,"L-X,6,PZEA184-7",471601.068199999,9524489.50999999,47,9,12,9,41,NA,0.4,549 puntos
EA184,EA184_14,SUE-EA184-120,A18,"L-X,6,PZEA184-8",471625.068199999,9524480.50999999,47,9,12,9,93,NA,0.4,549 puntos
EA184,EA184_16,SUE-EA184-139,A31,"L-X,6,PZEA184-9",471610.068199999,9524474.50999999,47,9,12,9,0,NA,0.4,549 puntos
EA184,EA184_14,SUE-EA184-172,A18,"L-X,6,PZEA184-10",471622.068199999,9524483.50999999,47,9,12,9,119,NA,0.4,549 puntos
EA184,EA184_16,SUE-EA184-218,A31,"L-X,6,PZEA184-11",471616.068199999,9524468.50999999,47,9,12,9,612,NA,0.4,549 puntos
EA184,EA184_14,SUE-EA184-227,A18,"L-X,6,PZEA184-12",471628.068199999,9524483.50999999,47,9,12,9,623,NA,0.4,549 puntos
EA184,EA184_14,SUE-EA184-241,A18,"L-X,6,PZEA184-13",471625.068199999,9524477.50999999,47,9,12,9,19983,0.9983,0.4,549 puntos
EA184,EA184_10,SUE-EA184-261,A35,"L-X,6,PZEA184-14",471603.897999999,9524492.65799999,47,7.67532083975876,12,7.67532083975876,28,NA,0.4,549 puntos
EA6647,EA6647_10,SUE-EA6647-5,A5-II,"L-X,6,PZEA6647-1",472654.068199999,9524224.456,190,2.67479999922215,7.78319999948144,2.67479999922215,634,NA,0.4,549 puntos
EA6647,EA6647_25,SUE-EA6647-11,A9,"L-X,6,PZEA6647-2",472645.068199999,9524231.50999999,190,9,12,9,228,NA,0.4,549 puntos
EA6647,EA6647_10,SUE-EA6647-13,A5-II,"L-X,6,PZEA6647-3",472650.941099999,9524225.467,190,8.20450068028546,12,8.20450068028546,20,NA,0.4,549 puntos
EA6647,EA6647_25,SUE-EA6647-16,A9,"L-X,6,PZEA6647-4",472642.068199999,9524237.50999999,190,9,12,9,20,NA,0.4,549 puntos
EA6647,EA6647_08,SUE-EA6647-39,A20,"L-X,6,PZEA6647-5",472657.068199999,9524255.50999999,190,9,12,9,53,NA,0.4,549 puntos
EA6647,EA6647_10,SUE-EA6647-81,A5-II,"L-X,6,PZEA6647-6",472648.068199999,9524225.50999999,190,9,12,9,245,NA,0.4,549 puntos
EA6647,EA6647_08,SUE-EA6647-91,A20,"L-X,6,PZEA6647-7",472651.068199999,9524255.50999999,190,9,12,9,420,NA,0.4,549 puntos
EA6647,EA6647_25,SUE-EA6647-103,A9,"L-X,6,PZEA6647-8",472645.068199999,9524234.50999999,190,9,12,9,20,NA,0.4,549 puntos
EA6647,EA6647_10,SUE-EA6647-178,A5-II,"L-X,6,PZEA6647-9",472648.068199999,9524228.50999999,190,9,12,9,391,NA,0.4,549 puntos
EA6647,EA6647_08,SUE-EA6647-191,A20,"L-X,6,PZEA6647-10",472654.068199999,9524255.50999999,190,9,12,9,110,NA,0.4,549 puntos
EA6647,EA6647_10,SUE-EA6647-219,A5-II,"L-X,6,PZEA6647-11",472656.379499999,9524222.50999999,190,4.867800001055,9.24520000070333,4.867800001055,104,NA,0.4,549 puntos
EA6647,EA6647_08,SUE-EA6647-234,A20,"L-X,6,PZEA6647-12",472657.068199999,9524252.50999999,190,9,12,9,36,NA,0.4,549 puntos
EA6647,EA6647_08,SUE-EA6647-238,A20,"L-X,6,PZEA6647-13",472648.068199999,9524252.50999999,190,9,12,9,2940,NA,0.4,549 puntos
EA6647,EA6647_25,SUE-EA6647-241,A9,"L-X,6,PZEA6647-14",472645.068199999,9524237.50999999,190,9,12,9,36,NA,0.4,549 puntos
EA631,EA631_01,SUE-EA631-1,A4,"L-X,6,PZEA631-1",472631.193599999,9524447.50999999,184,2.24759999848902,7.49839999899268,2.24759999848902,13,NA,0.4,549 puntos
EA631,EA631_01,SUE-EA631-2,A4,"L-X,6,PZEA631-2",472629.693599999,9524443.685,184,4.27475999928951,12,4.27475999928951,11,NA,0.4,549 puntos
EA631,EA631_01,SUE-EA631-5,A4,"L-X,6,PZEA631-3",472627.193599999,9524443.685,184,3.71155499806653,8.19859999790787,3.71155499806653,14,NA,0.4,549 puntos
EA631,EA631_01,SUE-EA631-8,A4,"L-X,6,PZEA631-4",472633.068199999,9524445.185,184,4.95000000111758,9.30000000074505,4.95000000111758,20,NA,0.4,549 puntos
EA634,EA634_03,SUE-EA634-4,A7,"L-X,6,PZEA634-1",472606.068199999,9524285.50999999,184,9,12,9,445,NA,0.4,549 puntos
EA634,EA634_03,SUE-EA634-9,A7,"L-X,6,PZEA634-2",472603.5088,9524285.41999999,184,6.16027803913136,12,6.16027803913136,479,NA,0.4,549 puntos
EA634,EA634_03,SUE-EA634-14,A7,"L-X,6,PZEA634-3",472603.612499999,9524288.50999999,184,5.73419999890029,9.82279999926686,5.73419999890029,211,NA,0.4,549 puntos
EA634,EA634_03,SUE-EA634-20,A7,"L-X,6,PZEA634-4",472603.612499999,9524291.50999999,184,5.73449999839067,9.82299999892711,5.73449999839067,175,NA,0.4,549 puntos
EA6526,EA6526_07,SUE-EA6526-40,A27,"L-X,6,PZEA6526-1",472552.068199999,9523925.50999999,167,9,12,9,18,NA,0.2,549 puntos
EA6526,EA6526_19,SUE-EA6526-49,A21,"L-X,6,PZEA6526-2",472516.1289,9523913.57,167,8.55777853905068,12,8.55777853905068,5941,NA,0.4,549 puntos
EA6526,EA6526_07,SUE-EA6526-68,A27,"L-X,6,PZEA6526-3",472558.068199999,9523919.50999999,167,9,12,9,53,NA,0.4,549 puntos
EA6526,EA6526_07,SUE-EA6526-70,A27,"L-X,6,PZEA6526-4",472552.068199999,9523922.50999999,167,9,12,9,48,NA,0.4,549 puntos
EA6526,EA6526_07,SUE-EA6526-107,A27,"L-X,6,PZEA6526-5",472558.068199999,9523921.84999999,167,5.03820000216364,9.35880000144243,5.03820000216364,1329,NA,0.4,549 puntos
EA6526,EA6526_15,SUE-EA6526-134,A22,"L-X,6,PZEA6526-6",472510.068199999,9523922.50999999,167,9,12,9,1969,NA,0.4,549 puntos
EA6526,EA6526_19,SUE-EA6526-135,A21,"L-X,6,PZEA6526-7",472510.8937,9523913.84999999,167,3.13072145738793,7.33939999714493,3.13072145738793,2859,NA,0.4,549 puntos
EA6526,EA6526_19,SUE-EA6526-183,A21,"L-X,6,PZEA6526-8",472513.068199999,9523916.50999999,167,9,12,9,2248,NA,0.4,549 puntos
EA6526,EA6526_19,SUE-EA6526-186,A21,"L-X,6,PZEA6526-9",472516.3937,9523910.50999999,167,7.04729999788105,10.6981999985873,7.04729999788105,3778,NA,0.4,549 puntos
EA6526,EA6526_15,SUE-EA6526-200,A22,"L-X,6,PZEA6526-10",472507.602699999,9523919.629,167,5.68589999852702,9.92269195153061,5.68589999852702,1584,NA,0.4,549 puntos
EA6526,EA6526_19,SUE-EA6526-208,A21,"L-X,6,PZEA6526-11",472510.720199999,9523916.66499999,167,4.57657853691684,12,4.57657853691684,1593,NA,0.4,549 puntos
EA6526,EA6526_15,SUE-EA6526-221,A22,"L-X,6,PZEA6526-12",472505.172,9523925.834,167,2.08589999936521,7.52269195235701,2.08589999936521,30,NA,0.4,549 puntos
EA6526,EA6526_15,SUE-EA6526-252,A22,"L-X,6,PZEA6526-13",472507.178699999,9523922.57699999,167,8.28559135937202,11.4413867451058,8.28559135937202,2652,NA,0.4,549 puntos
EA6577,EA6577_05,SUE-EA6577-29,A13,"L-X,6,PZEA6577-1",472492.863,9526868.50999999,120,4.23149999789893,8.82099999859929,4.23149999789893,9,NA,0.4,549 puntos
EA6577,EA6577_05,SUE-EA6577-31,A13,"L-X,6,PZEA6577-2",472495.068199999,9526868.50999999,120,9,12,9,9,NA,0.4,549 puntos
EA6577,EA6577_03,SUE-EA6577-40,A25,"L-X,6,PZEA6577-3",472492.068199999,9526883.50999999,120,9,12,9,1541,NA,0.4,549 puntos
EA6577,EA6577_05,SUE-EA6577-42,A13,"L-X,6,PZEA6577-4",472501.068199999,9526868.50999999,120,9,12,9,91,NA,0.4,549 puntos
EA6577,EA6577_03,SUE-EA6577-73,A25,"L-X,6,PZEA6577-5",472489.068199999,9526883.50999999,120,9,12,9,378,NA,0.4,549 puntos
EA6577,EA6577_05,SUE-EA6577-86,A13,"L-X,6,PZEA6577-6",472495.068199999,9526865.50999999,120,9,12,9,341,NA,0.4,549 puntos
EA6577,EA6577_03,SUE-EA6577-111,A25,"L-X,6,PZEA6577-7",472492.068199999,9526889.50999999,120,9,12,9,171,NA,0.4,549 puntos
EA6577,EA6577_03,SUE-EA6577-139,A25,"L-X,6,PZEA6577-8",472492.068199999,9526886.50999999,120,9,12,9,59,NA,0.4,549 puntos
EA6577,EA6577_03,SUE-EA6577-142,A25,"L-X,6,PZEA6577-9",472483.6646,9526881.217,120,2.39125852024029,6.79609066087469,2.39125852024029,5884,NA,0.4,549 puntos
EA6577,EA6577_05,SUE-EA6577-172,A13,"L-X,6,PZEA6577-10",472498.068199999,9526862.50999999,120,9,12,9,27,NA,0.4,549 puntos
EA5735,EA5735_11,SUE-EA5735-3,A4,"L-X,6,PZEA5735-1",472750.068199999,9524648.50999999,173,9,12,9,16,NA,0.4,549 puntos
EA5735,EA5735_07,SUE-EA5735-20,A13,"L-X,6,PZEA5735-2",472741.068199999,9524663.50999999,173,9,12,9,922,NA,0.4,549 puntos
EA5735,EA5735_07,SUE-EA5735-32,A13,"L-X,6,PZEA5735-3",472735.068199999,9524663.50999999,173,9,12,9,280,NA,0.4,549 puntos
EA5735,EA5735_07,SUE-EA5735-48,A13,"L-X,6,PZEA5735-4",472738.068199999,9524666.50999999,173,9,12,9,48,NA,0.4,549 puntos
EA5735,EA5735_07,SUE-EA5735-67,A13,"L-X,6,PZEA5735-5",472735.0724,9524666.50599999,173,8.97380239489631,11.8659134841618,8.97380239489631,31,NA,0.4,549 puntos
EA5735,EA5735_07,SUE-EA5735-68,A13,"L-X,6,PZEA5735-6",472744.068199999,9524663.50999999,173,9,12,9,361,NA,0.4,549 puntos
EA5735,EA5735_11,SUE-EA5735-85,A4,"L-X,6,PZEA5735-7",472750.068199999,9524645.51799999,173,8.95169999822974,11.9677999988198,8.95169999822974,93,NA,0.4,549 puntos
EA5735,EA5735_11,SUE-EA5735-96,A4,"L-X,6,PZEA5735-8",472753.068199999,9524645.51799999,173,8.95169999822974,11.9677999988198,8.95169999822974,14,NA,0.4,549 puntos
EA5735,EA5735_11,SUE-EA5735-97,A4,"L-X,6,PZEA5735-9",472753.068199999,9524648.50999999,173,9,12,9,31,NA,0.4,549 puntos
EA1787,EA1787_01,SUE-EA1787-11,A5,"L-X,6,PZEA1787-1",472327.068199999,9524039.50999999,111,9,12,9,32,NA,0.4,549 puntos
EA1787,EA1787_01,SUE-EA1787-26,A5,"L-X,6,PZEA1787-2",472324.068199999,9524039.50999999,111,9,12,9,31,NA,0.4,549 puntos
EA1787,EA1787_01,SUE-EA1787-33,A5,"L-X,6,PZEA1787-3",472321.6449,9524042.50999999,111,5.54009999893605,9.6933999992907,5.54009999893605,0,NA,0.4,549 puntos
EA1787,EA1787_03,SUE-EA1787-38,A16,"L-X,6,PZEA1787-4",472327.068199999,9524075.50999999,111,9,12,9,0,NA,0.4,549 puntos
EA1787,EA1787_03,SUE-EA1787-56,A16,"L-X,6,PZEA1787-5",472330.068199999,9524072.50999999,111,9,12,9,1402,NA,0.4,549 puntos
EA1787,EA1787_01,SUE-EA1787-71,A5,"L-X,6,PZEA1787-6",472330.068199999,9524042.50999999,111,9,12,9,36,NA,0.4,549 puntos
EA1787,EA1787_03,SUE-EA1787-73,A16,"L-X,6,PZEA1787-7",472330.064399999,9524075.504,111,8.96607189036772,11.9678048516581,8.96607189036772,69,NA,0.4,549 puntos
EA1787,EA1787_03,SUE-EA1787-80,A16,"L-X,6,PZEA1787-8",472330.068199999,9524069.50999999,111,9,12,9,1968,NA,0.4,549 puntos
EA1787,EA1787_01,SUE-EA1787-94,A5,"L-X,6,PZEA1787-9",472330.068199999,9524039.50999999,111,9,12,9,0,NA,0.4,549 puntos
EA5963,EA5963_06,SUE-EA5963-9,A7,"L-X,6,PZEA5963-1",472423.068199999,9524378.50999999,131,9,12,9,2290,NA,0.4,549 puntos
EA5963,EA5963_06,SUE-EA5963-24,A7,"L-X,6,PZEA5963-2",472426.068199999,9524376.14399999,131,5.19479999877512,9.46319999918341,5.19479999877512,5469,NA,0.4,549 puntos
EA5963,EA5963_13,SUE-EA5963-35,A13,"L-X,6,PZEA5963-3",472426.171399999,9524384.36099999,131,7.95659208016586,12,7.95659208016586,647,NA,0.4,549 puntos
EA5963,EA5963_13,SUE-EA5963-53,A13,"L-X,6,PZEA5963-4",472429.068199999,9524384.50999999,131,9,12,9,3279,NA,0.4,549 puntos
EA5963,EA5963_06,SUE-EA5963-56,A7,"L-X,6,PZEA5963-5",472429.068199999,9524378.50999999,131,9,12,9,9647,NA,0.4,549 puntos
EA5963,EA5963_13,SUE-EA5963-57,A13,"L-X,6,PZEA5963-6",472426.068199999,9524381.50999999,131,9,12,9,5529,NA,0.4,549 puntos
EA5963,EA5963_13,SUE-EA5963-69,A13,"L-X,6,PZEA5963-7",472420.818199999,9524380.14399999,131,2.3725920794357,12,2.3725920794357,2574,NA,0.4,549 puntos
EA5963,EA5963_06,SUE-EA5963-71,A7,"L-X,6,PZEA5963-8",472423.068199999,9524376.14399999,131,5.1950999982655,9.46339999884367,5.1950999982655,846,NA,0.4,549 puntos
EA5963,EA5963_13,SUE-EA5963-73,A13,"L-X,6,PZEA5963-9",472429.068199999,9524381.50999999,131,9,12,9,16516,0.6516,0.4,549 puntos
EA7969,EA7969_07,SUE-EA7969-7,A7,"L-X,6,PZEA7969-1",472021.068199999,9524780.91799999,91,6.55200000107288,10.3680000007152,6.55200000107288,0,NA,0.4,549 puntos
EA7969,EA7969_07,SUE-EA7969-8,A7,"L-X,6,PZEA7969-2",472015.9111,9524783.66899999,91,3.29844480086256,12,3.29844480086256,0,NA,0.4,549 puntos
EA7969,EA7969_07,SUE-EA7969-18,A7,"L-X,6,PZEA7969-3",472024.068199999,9524780.91799999,91,6.55200000107288,10.3680000007152,6.55200000107288,0,NA,0.4,549 puntos
EA7969,EA7969_07,SUE-EA7969-39,A7,"L-X,6,PZEA7969-4",472016.080599999,9524780.91799999,91,2.13005520045619,6.3186000008136,2.13005520045619,0,NA,0.4,549 puntos
EA6908,EA6908_06,SUE-EA6908-7,A4,"L-X,6,PZEA6908-1",473347.068399999,9522854.50999999,58,8.99885330995662,11.9767058170723,8.99885330995662,4176,NA,0.25,549 puntos
EA6908,EA6908_06,SUE-EA6908-18,A4,"L-X,6,PZEA6908-2",473347.818199999,9522851.50999999,58,5.79690359447351,14.5871910188435,5.79690359447351,412,NA,0.25,549 puntos
EA6908,EA6908_06,SUE-EA6908-32,A4,"L-X,6,PZEA6908-3",473344.0591,9522854.52099999,58,8.92883908499624,12.1584923867038,8.92883908499624,1826,NA,0.25,549 puntos
EA6908,EA6908_06,SUE-EA6908-34,A4,"L-X,6,PZEA6908-4",473349.7746,9522854.218,58,6.45305977499179,10.9572780785833,6.45305977499179,5177,NA,0.25,549 puntos
EA2191,EA2191_04,SUE-EA2191-1,F4,"L-X,6,PZEA2191-1",473517.888199999,9523178.60999999,62,7.81111509219787,11.1376052008072,7.81111509219787,51,NA,0.4,549 puntos
EA2191,EA2191_04,SUE-EA2191-2,F4,"L-X,6,PZEA2191-2",473517.416099999,9523176.137,62,3.05766507030368,7.19579752608306,3.05766507030368,15,NA,0.4,549 puntos
EA2191,EA2191_04,SUE-EA2191-3,F4,"L-X,6,PZEA2191-3",473515.068199999,9523176.605,62,3.81145084397141,11.7937883545024,3.81145084397141,51,NA,0.4,549 puntos
EA2191,EA2191_04,SUE-EA2191-16,F4,"L-X,6,PZEA2191-4",473513.054799999,9523175.524,62,2.53478425376561,7.17585897303988,2.53478425376561,54,NA,0.4,549 puntos
EA6033,EA6033_12,SUE-EA6033-1,G3,"L-X,6,PZEA6033-1",473869.625799999,9523316.767,51,4.82589217317344,9.04058161299144,4.82589217317344,2174,NA,0.4,549 puntos
EA6033,EA6033_12,SUE-EA6033-43,G3,"L-X,6,PZEA6033-2",473872.226399999,9523319.375,51,7.83478447410512,11.2242160789213,7.83478447410512,1179,NA,0.4,549 puntos
EA6033,EA6033_12,SUE-EA6033-59,G3,"L-X,6,PZEA6033-3",473869.616199999,9523318.584,51,2.33154712904545,6.47679274447857,2.33154712904545,3807,NA,0.4,549 puntos
EA6033,EA6033_12,SUE-EA6033-60,G3,"L-X,6,PZEA6033-4",473872.0518,9523316.70199999,51,7.84013894740916,11.0519416016056,7.84013894740916,4021,NA,0.4,549 puntos
EA368,EA368_07,SUE-EA368-4,A2,"L-X,6,PZEA368-1",473973.7722,9524574.091,221,4.51862421173685,8.59348909540026,4.51862421173685,0,NA,0.3,549 puntos
EA368,EA368_07,SUE-EA368-5,A2,"L-X,6,PZEA368-2",473971.883099999,9524576.229,221,3.67431624330637,8.69902753210332,3.67431624330637,16,NA,0.3,549 puntos
EA368,EA368_07,SUE-EA368-8,A2,"L-X,6,PZEA368-3",473974.1165,9524579.392,221,8.14917591939905,11.0810415131715,8.14917591939905,88,NA,0.3,549 puntos
EA368,EA368_07,SUE-EA368-10,A2,"L-X,6,PZEA368-4",473973.9858,9524576.557,221,8.47949752067255,11.6176368697942,8.47949752067255,0,NA,0.3,549 puntos
EA1666,EA1666_15,SUE-EA1666-24,A21,"L-X,6,PZEA1666-1",472204.068199999,9524699.50999999,112,9,12,9,1690,NA,0.4,549 puntos
EA1666,EA1666_20,SUE-EA1666-51,A3,"L-X,6,PZEA1666-2",472183.818199999,9524690.50999999,112,6.5313691489332,12.446020966433,6.5313691489332,232,NA,0.4,549 puntos
EA1666,EA1666_20,SUE-EA1666-67,A3,"L-X,6,PZEA1666-3",472180.2832,9524693.53099999,112,7.50333620393873,10.7255359018078,7.50333620393873,291,NA,0.4,549 puntos
EA1666,EA1666_23,SUE-EA1666-86,A37,"L-X,6,PZEA1666-4",472189.068199999,9524681.50999999,112,9,12,9,274,NA,0.4,549 puntos
EA1666,EA1666_15,SUE-EA1666-99,A21,"L-X,6,PZEA1666-5",472210.068199999,9524702.50999999,112,9,12,9,0,NA,0.4,549 puntos
EA1666,EA1666_15,SUE-EA1666-139,A21,"L-X,6,PZEA1666-6",472207.068199999,9524699.50999999,112,9,12,9,6321,NA,0.4,549 puntos
EA1666,EA1666_23,SUE-EA1666-152,A37,"L-X,6,PZEA1666-7",472192.406499999,9524676.458,112,2.87364162904645,8.1838474979222,2.87364162904645,0,NA,0.4,549 puntos
EA1666,EA1666_20,SUE-EA1666-158,A3,"L-X,6,PZEA1666-8",472189.068199999,9524693.50999999,112,9,12,9,442,NA,0.4,549 puntos
EA1666,EA1666_20,SUE-EA1666-165,A3,"L-X,6,PZEA1666-9",472180.7653,9524696.296,112,4.53990277922202,9.29464749601556,4.53990277922202,246,NA,0.4,549 puntos
EA1666,EA1666_23,SUE-EA1666-171,A37,"L-X,6,PZEA1666-10",472192.068199999,9524678.50999999,112,9,12,9,856,NA,0.4,549 puntos
EA1666,EA1666_15,SUE-EA1666-185,A21,"L-X,6,PZEA1666-11",472212.824699999,9524699.639,112,7.37500950083916,11.0600545586306,7.37500950083916,0,NA,0.4,549 puntos
EA1666,EA1666_20,SUE-EA1666-200,A3,"L-X,6,PZEA1666-12",472186.068199999,9524687.50999999,112,9,12,9,1268,NA,0.4,549 puntos
EA1666,EA1666_15,SUE-EA1666-206,A21,"L-X,6,PZEA1666-13",472207.068199999,9524702.50999999,112,9,12,9,0,NA,0.4,549 puntos
EA6286-EA6287-EA6288-EA7307D,EA6286-EA6287-EA6288-EA7307D_108,SUE-EA6286-EA6287-EA6288-EA7307D-10,A44,"L-X,6,PZEA6286-6287-6288-7307D-1",471550.068199999,9523109.50999999,31,9,12,9,0,NA,0.4,549 puntos
EA6286-EA6287-EA6288-EA7307D,EA6286-EA6287-EA6288-EA7307D_123,SUE-EA6286-EA6287-EA6288-EA7307D-17,A13,"L-X,6,PZEA6286-6287-6288-7307D-2",471562.001899999,9523043.57399999,31,8.52742509524782,11.4320838912501,8.52742509524782,1874,NA,0.4,549 puntos
EA6286-EA6287-EA6288-EA7307D,EA6286-EA6287-EA6288-EA7307D_90,SUE-EA6286-EA6287-EA6288-EA7307D-46,A67,"L-X,6,PZEA6286-6287-6288-7307D-3",471508.068199999,9523106.50999999,31,9,12,9,962,NA,0.4,549 puntos
EA6286-EA6287-EA6288-EA7307D,EA6286-EA6287-EA6288-EA7307D_26,SUE-EA6286-EA6287-EA6288-EA7307D-95,A144,"L-X,6,PZEA6286-6287-6288-7307D-4",471457.1263,9523166.731,31,7.57458501020273,12.220296955578,7.57458501020273,696,NA,0.4,549 puntos
EA6286-EA6287-EA6288-EA7307D,EA6286-EA6287-EA6288-EA7307D_103,SUE-EA6286-EA6287-EA6288-EA7307D-112,A48,"L-X,6,PZEA6286-6287-6288-7307D-5",471517.2296,9523079.35899999,31,7.75605852513788,11.0785951728174,7.75605852513788,842,NA,0.4,549 puntos
EA6286-EA6287-EA6288-EA7307D,EA6286-EA6287-EA6288-EA7307D_90,SUE-EA6286-EA6287-EA6288-EA7307D-154,A67,"L-X,6,PZEA6286-6287-6288-7307D-6",471511.068199999,9523106.50999999,31,9,12,9,10372,0.0372,0.4,549 puntos
EA6286-EA6287-EA6288-EA7307D,EA6286-EA6287-EA6288-EA7307D_103,SUE-EA6286-EA6287-EA6288-EA7307D-163,A48,"L-X,6,PZEA6286-6287-6288-7307D-7",471520.068199999,9523079.50999999,31,9,12,9,765,NA,0.4,549 puntos
EA6286-EA6287-EA6288-EA7307D,EA6286-EA6287-EA6288-EA7307D_84,SUE-EA6286-EA6287-EA6288-EA7307D-177,A86,"L-X,6,PZEA6286-6287-6288-7307D-8",471499.068199999,9523133.50999999,31,9,12,9,2365,NA,0.4,549 puntos
EA6286-EA6287-EA6288-EA7307D,EA6286-EA6287-EA6288-EA7307D_84,SUE-EA6286-EA6287-EA6288-EA7307D-252,A86,"L-X,6,PZEA6286-6287-6288-7307D-9",471505.068199999,9523139.50999999,31,9,12,9,766,NA,0.4,549 puntos
EA6286-EA6287-EA6288-EA7307D,EA6286-EA6287-EA6288-EA7307D_92,SUE-EA6286-EA6287-EA6288-EA7307D-255,A57,"L-X,6,PZEA6286-6287-6288-7307D-10",471549.6251,9523117.97,31,4.56165787670741,10.6221330012843,4.56165787670741,0,NA,0.4,549 puntos
EA6286-EA6287-EA6288-EA7307D,EA6286-EA6287-EA6288-EA7307D_124,SUE-EA6286-EA6287-EA6288-EA7307D-269,A19,"L-X,6,PZEA6286-6287-6288-7307D-11",471568.068199999,9523076.50999999,31,9,12,9,1980,NA,0.4,549 puntos
EA6286-EA6287-EA6288-EA7307D,EA6286-EA6287-EA6288-EA7307D_123,SUE-EA6286-EA6287-EA6288-EA7307D-304,A13,"L-X,6,PZEA6286-6287-6288-7307D-12",471562.068199999,9523046.50999999,31,9,12,9,0,NA,0.4,549 puntos
EA6286-EA6287-EA6288-EA7307D,EA6286-EA6287-EA6288-EA7307D_103,SUE-EA6286-EA6287-EA6288-EA7307D-391,A48,"L-X,6,PZEA6286-6287-6288-7307D-13",471520.068199999,9523076.50999999,31,9,12,9,616,NA,0.4,549 puntos
EA6286-EA6287-EA6288-EA7307D,EA6286-EA6287-EA6288-EA7307D_124,SUE-EA6286-EA6287-EA6288-EA7307D-397,A19,"L-X,6,PZEA6286-6287-6288-7307D-14",471571.068199999,9523070.50999999,31,9,12,9,3302,NA,0.4,549 puntos
EA6286-EA6287-EA6288-EA7307D,EA6286-EA6287-EA6288-EA7307D_109,SUE-EA6286-EA6287-EA6288-EA7307D-398,A42,"L-X,6,PZEA6286-6287-6288-7307D-15",471550.068199999,9523091.50999999,31,9,12,9,156,NA,0.4,549 puntos
EA6286-EA6287-EA6288-EA7307D,EA6286-EA6287-EA6288-EA7307D_103,SUE-EA6286-EA6287-EA6288-EA7307D-402,A48,"L-X,6,PZEA6286-6287-6288-7307D-16",471523.068199999,9523076.50999999,31,9,12,9,1071,NA,0.4,549 puntos
EA6286-EA6287-EA6288-EA7307D,EA6286-EA6287-EA6288-EA7307D_108,SUE-EA6286-EA6287-EA6288-EA7307D-418,A44,"L-X,6,PZEA6286-6287-6288-7307D-17",471553.068199999,9523109.50999999,31,9,12,9,2874,NA,0.4,549 puntos
EA6286-EA6287-EA6288-EA7307D,EA6286-EA6287-EA6288-EA7307D_26,SUE-EA6286-EA6287-EA6288-EA7307D-455,A144,"L-X,6,PZEA6286-6287-6288-7307D-18",471454.259799999,9523172.25599999,31,7.0839466716632,11.3469299269796,7.0839466716632,30,NA,0.4,549 puntos
EA6286-EA6287-EA6288-EA7307D,EA6286-EA6287-EA6288-EA7307D_123,SUE-EA6286-EA6287-EA6288-EA7307D-485,A13,"L-X,6,PZEA6286-6287-6288-7307D-19",471564.947099999,9523046.625,31,8.09077119060889,11.2122521802696,8.09077119060889,2815,NA,0.4,549 puntos
EA6286-EA6287-EA6288-EA7307D,EA6286-EA6287-EA6288-EA7307D_26,SUE-EA6286-EA6287-EA6288-EA7307D-493,A144,"L-X,6,PZEA6286-6287-6288-7307D-20",471451.068199999,9523166.50999999,31,9,12,9,412,NA,0.4,549 puntos
EA6286-EA6287-EA6288-EA7307D,EA6286-EA6287-EA6288-EA7307D_109,SUE-EA6286-EA6287-EA6288-EA7307D-508,A42,"L-X,6,PZEA6286-6287-6288-7307D-21",471553.068199999,9523094.50999999,31,9,12,9,2481,NA,0.4,549 puntos
EA6286-EA6287-EA6288-EA7307D,EA6286-EA6287-EA6288-EA7307D_108,SUE-EA6286-EA6287-EA6288-EA7307D-550,A44,"L-X,6,PZEA6286-6287-6288-7307D-22",471550.068199999,9523112.50999999,31,9,12,9,2550,NA,0.4,549 puntos
EA6286-EA6287-EA6288-EA7307D,EA6286-EA6287-EA6288-EA7307D_84,SUE-EA6286-EA6287-EA6288-EA7307D-555,A86,"L-X,6,PZEA6286-6287-6288-7307D-23",471502.068199999,9523133.50999999,31,9,12,9,0,NA,0.4,549 puntos
EA6286-EA6287-EA6288-EA7307D,EA6286-EA6287-EA6288-EA7307D_109,SUE-EA6286-EA6287-EA6288-EA7307D-580,A42,"L-X,6,PZEA6286-6287-6288-7307D-24",471547.068199999,9523091.50999999,31,9,12,9,2976,NA,0.4,549 puntos
EA6286-EA6287-EA6288-EA7307D,EA6286-EA6287-EA6288-EA7307D_123,SUE-EA6286-EA6287-EA6288-EA7307D-610,A13,"L-X,6,PZEA6286-6287-6288-7307D-25",471559.068199999,9523046.50999999,31,9,12,9,1793,NA,0.4,549 puntos
EA6286-EA6287-EA6288-EA7307D,EA6286-EA6287-EA6288-EA7307D_124,SUE-EA6286-EA6287-EA6288-EA7307D-633,A19,"L-X,6,PZEA6286-6287-6288-7307D-26",471574.068199999,9523073.50999999,31,9,12,9,7631,NA,0.4,549 puntos
EA6286-EA6287-EA6288-EA7307D,EA6286-EA6287-EA6288-EA7307D_124,SUE-EA6286-EA6287-EA6288-EA7307D-640,A19,"L-X,6,PZEA6286-6287-6288-7307D-27",471574.068199999,9523070.50999999,31,9,12,9,9944,NA,0.4,549 puntos
EA6286-EA6287-EA6288-EA7307D,EA6286-EA6287-EA6288-EA7307D_92,SUE-EA6286-EA6287-EA6288-EA7307D-692,A57,"L-X,6,PZEA6286-6287-6288-7307D-28",471547.047399999,9523121.489,31,8.8596519198819,11.6905064675289,8.8596519198819,34,NA,0.4,549 puntos
EA6286-EA6287-EA6288-EA7307D,EA6286-EA6287-EA6288-EA7307D_108,SUE-EA6286-EA6287-EA6288-EA7307D-714,A44,"L-X,6,PZEA6286-6287-6288-7307D-29",471547.068199999,9523109.50999999,31,9,12,9,0,NA,0.4,549 puntos
EA6286-EA6287-EA6288-EA7307D,EA6286-EA6287-EA6288-EA7307D_26,SUE-EA6286-EA6287-EA6288-EA7307D-722,A144,"L-X,6,PZEA6286-6287-6288-7307D-30",471448.068199999,9523166.50999999,31,9,12,9,0,NA,0.4,549 puntos
EA6286-EA6287-EA6288-EA7307D,EA6286-EA6287-EA6288-EA7307D_84,SUE-EA6286-EA6287-EA6288-EA7307D-783,A86,"L-X,6,PZEA6286-6287-6288-7307D-31",471508.068199999,9523136.50999999,31,9,12,9,266,NA,0.4,549 puntos
EA6286-EA6287-EA6288-EA7307D,EA6286-EA6287-EA6288-EA7307D_124,SUE-EA6286-EA6287-EA6288-EA7307D-796,A19,"L-X,6,PZEA6286-6287-6288-7307D-32",471574.068199999,9523079.50999999,31,9,12,9,3047,NA,0.4,549 puntos
EA6286-EA6287-EA6288-EA7307D,EA6286-EA6287-EA6288-EA7307D_92,SUE-EA6286-EA6287-EA6288-EA7307D-822,A57,"L-X,6,PZEA6286-6287-6288-7307D-33",471544.068199999,9523121.50999999,31,9,12,9,0,NA,0.4,549 puntos
EA6286-EA6287-EA6288-EA7307D,EA6286-EA6287-EA6288-EA7307D_108,SUE-EA6286-EA6287-EA6288-EA7307D-884,A44,"L-X,6,PZEA6286-6287-6288-7307D-34",471547.068199999,9523106.50999999,31,9,12,9,0,NA,0.4,549 puntos
EA6286-EA6287-EA6288-EA7307D,EA6286-EA6287-EA6288-EA7307D_92,SUE-EA6286-EA6287-EA6288-EA7307D-996,A57,"L-X,6,PZEA6286-6287-6288-7307D-35",471546.3802,9523123.72599999,31,2.61725275537932,7.83308878384013,2.61725275537932,24,NA,0.4,549 puntos
EA6286-EA6287-EA6288-EA7307D,EA6286-EA6287-EA6288-EA7307D_109,SUE-EA6286-EA6287-EA6288-EA7307D-1014,A42,"L-X,6,PZEA6286-6287-6288-7307D-36",471550.068199999,9523088.50999999,31,9,12,9,327,NA,0.4,549 puntos
EA6286-EA6287-EA6288-EA7307D,EA6286-EA6287-EA6288-EA7307D_84,SUE-EA6286-EA6287-EA6288-EA7307D-1021,A86,"L-X,6,PZEA6286-6287-6288-7307D-37",471508.068199999,9523133.50999999,31,9,12,9,1968,NA,0.4,549 puntos
EA6286-EA6287-EA6288-EA7307D,EA6286-EA6287-EA6288-EA7307D_109,SUE-EA6286-EA6287-EA6288-EA7307D-1055,A42,"L-X,6,PZEA6286-6287-6288-7307D-38",471553.068199999,9523097.50999999,31,9,12,9,1042,NA,0.4,549 puntos
EA6286-EA6287-EA6288-EA7307D,EA6286-EA6287-EA6288-EA7307D_26,SUE-EA6286-EA6287-EA6288-EA7307D-1074,A144,"L-X,6,PZEA6286-6287-6288-7307D-39",471454.0577,9523166.52099999,31,8.92938402016633,11.7935063977065,8.92938402016633,0,NA,0.4,549 puntos
EA6286-EA6287-EA6288-EA7307D,EA6286-EA6287-EA6288-EA7307D_90,SUE-EA6286-EA6287-EA6288-EA7307D-1150,A67,"L-X,6,PZEA6286-6287-6288-7307D-40",471505.818199999,9523103.50999999,31,6.2670254251816,11.8699295050113,6.2670254251816,1715,NA,0.4,549 puntos
EA6286-EA6287-EA6288-EA7307D,EA6286-EA6287-EA6288-EA7307D_123,SUE-EA6286-EA6287-EA6288-EA7307D-1183,A13,"L-X,6,PZEA6286-6287-6288-7307D-41",471556.291399999,9523043.75699999,31,7.02671745436057,10.8395018735785,7.02671745436057,848,NA,0.4,549 puntos
EA6286-EA6287-EA6288-EA7307D,EA6286-EA6287-EA6288-EA7307D_103,SUE-EA6286-EA6287-EA6288-EA7307D-1184,A48,"L-X,6,PZEA6286-6287-6288-7307D-42",471526.068199999,9523079.50999999,31,9,12,9,3380,NA,0.4,549 puntos
EA6286-EA6287-EA6288-EA7307D,EA6286-EA6287-EA6288-EA7307D_90,SUE-EA6286-EA6287-EA6288-EA7307D-1191,A67,"L-X,6,PZEA6286-6287-6288-7307D-43",471508.068199999,9523103.50999999,31,9,12,9,6167,NA,0.4,549 puntos
EA1653,EA1653_28,SUE-EA1653-6,Ch2,"L-X,6,PZEA1653-1",471885.405099999,9524726.28399999,65,4.7025000010617,9.45153373333315,4.7025000010617,457,NA,0.4,549 puntos
EA1653,EA1653_28,SUE-EA1653-12,Ch2,"L-X,6,PZEA1653-2",471883.0214,9524728.846,65,5.00340000260621,9.35182177078996,5.00340000260621,0,NA,0.4,549 puntos
EA1653,EA1653_28,SUE-EA1653-57,Ch2,"L-X,6,PZEA1653-3",471883.068199999,9524726.50999999,65,9,12,9,942,NA,0.4,549 puntos
EA1653,EA1653_10,SUE-EA1653-7,A25,"L-X,6,PZEA1653-4",471904.068199999,9524693.50999999,65,9,12,9,0,NA,0.4,549 puntos
EA1653,EA1653_14,SUE-EA1653-194,A11,"L-X,6,PZEA1653-5",471874.068199999,9524681.50999999,65,9,12,9,0,NA,0.4,549 puntos
EA1653,EA1653_26,SUE-EA1653-224,A18,"L-X,6,PZEA1653-6",471874.068199999,9524690.50999999,65,9,12,9,1132,NA,0.4,549 puntos
EA1653,EA1653_16,SUE-EA1653-137,A16,"L-X,6,PZEA1653-7",471892.068199999,9524690.50999999,65,9,12,9,0,NA,0.4,549 puntos
EA1653,EA1653_20,SUE-EA1653-187,A13,"L-X,6,PZEA1653-8",471898.068199999,9524681.50999999,65,9,12,9,12,NA,0.4,549 puntos
EA1653,EA1653_15,SUE-EA1653-124,A15,"L-X,6,PZEA1653-9",471904.068199999,9524687.50999999,65,9,12,9,0,NA,0.4,549 puntos
EA1653,EA1653_28,SUE-EA1653-178,Ch2,"L-X,6,PZEA1653-10",471885.984999999,9524723.445,65,8.44165520005497,11.436913026048,8.44165520005497,2859,NA,0.4,549 puntos
EA1653,EA1653_04,SUE-EA1653-82,A21,"L-X,6,PZEA1653-12",471868.068199999,9524696.50999999,65,9,12,9,21,NA,0.4,549 puntos
EA1653,EA1653_19,SUE-EA1653-15,A5,"L-X,6,PZEA1653-13",471901.068199999,9524669.50999999,65,9,12,9,44,NA,0.4,549 puntos
EA1653,EA1653_02,SUE-EA1653-232,A6,"L-X,6,PZEA1653-14",471892.068199999,9524669.50999999,65,9,12,9,0,NA,0.4,549 puntos
EA1653,EA1653_02,SUE-EA1653-150,A6,"L-X,6,PZEA1653-15",471898.068199999,9524666.50999999,65,9,12,9,0,NA,0.4,549 puntos
EA1653,EA1653_24,SUE-EA1653-28,A2,"L-X,6,PZEA1653-16",471889.068199999,9524657.50999999,65,9,12,9,766,NA,0.4,549 puntos
EA219,EA219_02,SUE-EA219-9,A8,"L-X,6,PZEA219-1",472023.258099999,9524660.50999999,77,4.13940000068396,8.75960000045597,4.13940000068396,33,NA,0.4,549 puntos
EA219,EA219_02,SUE-EA219-12,A8,"L-X,6,PZEA219-2",472021.068199999,9524660.50999999,77,9,12,9,55,NA,0.4,549 puntos
EA219,EA219_02,SUE-EA219-16,A8,"L-X,6,PZEA219-3",472021.068199999,9524663.377,77,8.19990000128746,11.4666000008583,8.19990000128746,17,NA,0.4,549 puntos
EA219,EA219_02,SUE-EA219-21,A8,"L-X,6,PZEA219-4",472023.258099999,9524663.377,77,3.7714073412153,8.22620000131428,3.7714073412153,33,NA,0.4,549 puntos
EA1658,EA1658_19,SUE-EA1658-17,A21,"L-X,6,PZEA1658-1",471622.068199999,9524687.50999999,43,9,12,9,28,NA,0.4,549 puntos
EA1658,EA1658_19,SUE-EA1658-22,A21,"L-X,6,PZEA1658-2",471619.068199999,9524693.50999999,43,9,12,9,0,NA,0.4,549 puntos
EA1658,EA1658_17,SUE-EA1658-42,A16,"L-X,6,PZEA1658-3",471613.068199999,9524684.50999999,43,9,12,9,0,NA,0.4,549 puntos
EA1658,EA1658_17,SUE-EA1658-48,A16,"L-X,6,PZEA1658-4",471616.068199999,9524681.50999999,43,9,12,9,0,NA,0.4,549 puntos
EA1658,EA1658_19,SUE-EA1658-104,A21,"L-X,6,PZEA1658-5",471619.068199999,9524690.50999999,43,9,12,9,0,NA,0.4,549 puntos
EA1658,EA1658_17,SUE-EA1658-107,A16,"L-X,6,PZEA1658-6",471610.068199999,9524681.50999999,43,9,12,9,1773,NA,0.4,549 puntos
EA1658,EA1658_19,SUE-EA1658-119,A21,"L-X,6,PZEA1658-7",471616.068199999,9524696.50999999,43,9,12,9,0,NA,0.4,549 puntos
EA1658,EA1658_17,SUE-EA1658-121,A16,"L-X,6,PZEA1658-8",471610.5552,9524684.187,43,5.19086417421237,11.5817391963182,5.19086417421237,0,NA,0.4,549 puntos
EA1658,EA1658_17,SUE-EA1658-136,A16,"L-X,6,PZEA1658-9",471610,9524678.56499999,43,8.54531194042034,11.4924588324622,8.54531194042034,0,NA,0.4,549 puntos
EA1658,EA1658_19,SUE-EA1658-182,A21,"L-X,6,PZEA1658-10",471622.068199999,9524690.50999999,43,9,12,9,2531,NA,0.4,549 puntos
EA6513,EA6513_09,SUE-EA6513-12,A21,"L-X,6,PZEA6513-1",471895.3347,9524129.50999999,65,7.40099999774247,10.9339999984949,7.40099999774247,509,NA,0.4,549 puntos
EA6513,EA6513_09,SUE-EA6513-22,A21,"L-X,6,PZEA6513-2",471895.3347,9524123.50999999,65,7.40099999774247,10.9339999984949,7.40099999774247,2358,NA,0.4,549 puntos
EA6513,EA6513_18,SUE-EA6513-64,A19,"L-X,6,PZEA6513-3",471913.068199999,9524129.50999999,65,9,12,9,10,NA,0.4,549 puntos
EA6513,EA6513_18,SUE-EA6513-93,A19,"L-X,6,PZEA6513-4",471919.068199999,9524129.50999999,65,9,12,9,0,NA,0.4,549 puntos
EA6513,EA6513_18,SUE-EA6513-132,A19,"L-X,6,PZEA6513-5",471910.068199999,9524123.50999999,65,9,12,9,0,NA,0.4,549 puntos
EA6513,EA6513_09,SUE-EA6513-156,A21,"L-X,6,PZEA6513-6",471898.068199999,9524129.50999999,65,9,12,9,2029,NA,0.4,549 puntos
EA6513,EA6513_09,SUE-EA6513-183,A21,"L-X,6,PZEA6513-7",471898.068199999,9524126.50999999,65,9,12,9,2848,NA,0.4,549 puntos
EA6513,EA6513_18,SUE-EA6513-202,A19,"L-X,6,PZEA6513-8",471910.068199999,9524126.50999999,65,9,12,9,17,NA,0.4,549 puntos
EA6513,EA6513_18,SUE-EA6513-216,A19,"L-X,6,PZEA6513-9",471916.068199999,9524129.50999999,65,9,12,9,18,NA,0.4,549 puntos
EA1718,EA1718_27,SUE-EA1718-5,A17,"L-X,6,PZEA1718-1",471895.165099999,9524906.66699999,64,7.95529794936314,11.2618588330324,7.95529794936314,899,NA,0.4,549 puntos
EA1718,EA1718_26,SUE-EA1718-11,A18,"L-X,6,PZEA1718-2",471906.922199999,9524921.06699999,64,6.16499999910593,10.3410988834079,6.16499999910593,31,NA,0.4,549 puntos
EA1718,EA1718_27,SUE-EA1718-21,A17,"L-X,6,PZEA1718-3",471895.068199999,9524909.50999999,64,9,12,9,631,NA,0.4,549 puntos
EA1718,EA1718_26,SUE-EA1718-43,A18,"L-X,6,PZEA1718-4",471901.068199999,9524915.50999999,64,9,12,9,19,NA,0.4,549 puntos
EA1718,EA1718_26,SUE-EA1718-63,A18,"L-X,6,PZEA1718-5",471898.068199999,9524918.50999999,64,9,12,9,4024,NA,0.4,549 puntos
EA1718,EA1718_27,SUE-EA1718-69,A17,"L-X,6,PZEA1718-6",471898.068199999,9524912.50999999,64,9,12,9,32,NA,0.4,549 puntos
EA1718,EA1718_26,SUE-EA1718-90,A18,"L-X,6,PZEA1718-7",471901.068199999,9524921.50999999,64,9,12,9,42,NA,0.4,549 puntos
EA1718,EA1718_27,SUE-EA1718-176,A17,"L-X,6,PZEA1718-8",471901.052299999,9524906.492,64,8.88704955020604,11.7572902707336,8.88704955020604,32,NA,0.4,549 puntos
EA1718,EA1718_27,SUE-EA1718-177,A17,"L-X,6,PZEA1718-9",471900.318199999,9524912.945,64,3.91594652110594,11.8558097478235,3.91594652110594,31,NA,0.4,549 puntos
EA1718,EA1718_26,SUE-EA1718-183,A18,"L-X,6,PZEA1718-10",471904.2662,9524913.21299999,64,4.54619999974966,9.2618988838371,4.54619999974966,27,NA,0.4,549 puntos
EA1613,EA1613_31,SUE-EA1613-1,B11,"L-X,6,PZEA1613-1",473320.068199999,9524018.50999999,163,9,12,9,9939,NA,0.15,549 puntos
EA1613,EA1613_31,SUE-EA1613-36,B11,"L-X,6,PZEA1613-2",473323.085599999,9524015.54499999,163,8.78457952518067,12.0187532323139,8.78457952518067,444,NA,0.15,549 puntos
EA1613,EA1613_14,SUE-EA1613-51,B26,"L-X,6,PZEA1613-3",473329.068199999,9524039.50999999,163,9,12,9,0,NA,0.4,549 puntos
EA1613,EA1613_14,SUE-EA1613-55,B26,"L-X,6,PZEA1613-4",473326.068199999,9524036.50999999,163,9,12,9,283,NA,0.4,549 puntos
EA1613,EA1613_14,SUE-EA1613-92,B26,"L-X,6,PZEA1613-5",473329.068199999,9524036.50999999,163,9,12,9,11825,0.1825,0.4,549 puntos
EA1613,EA1613_31,SUE-EA1613-96,B11,"L-X,6,PZEA1613-6",473320.068099999,9524015.52099999,163,8.93051574467395,11.9844468765769,8.93051574467395,1203,NA,0.15,549 puntos
EA1613,EA1613_14,SUE-EA1613-101,B26,"L-X,6,PZEA1613-7",473326.068199999,9524039.50999999,163,9,12,9,710,NA,0.4,549 puntos
EA415,EA415_10,SUE-EA415-10,B4,"L-X,6,PZEA415-1",473272.0702,9524279.50799999,190,8.98775347001419,11.9088554839314,8.98775347001419,100,NA,0.1,549 puntos
EA415,EA415_10,SUE-EA415-13,B4,"L-X,6,PZEA415-2",473272.068199999,9524276.50999999,190,9,12,9,418,NA,0.1,549 puntos
EA415,EA415_10,SUE-EA415-50,B4,"L-X,6,PZEA415-3",473270.138299999,9524279.081,190,2.05417839985089,7.14815814958819,2.05417839985089,66,NA,0.1,549 puntos
EA415,EA415_10,SUE-EA415-59,B4,"L-X,6,PZEA415-4",473269.731099999,9524276.392,190,4.91638018406819,9.15939544070838,4.91638018406819,85,NA,0.1,549 puntos
EA1627,EA1627_17,SUE-EA1627-18,A11,"L-X,6,PZEA1627-N-13",471856.037599999,9525257.54099999,36,8.79051703480829,11.6208546955977,8.79051703480829,10659,0.0659,0.4,32 puntos
EA1627,EA1627_17,SUE-EA1627-53,A11,"L-X,6,PZEA1627-N-14",471856.068199999,9525260.50999999,36,9,12,9,36,NA,0.4,32 puntos
EA1627,EA1627_17,SUE-EA1627-88,A11,"L-X,6,PZEA1627-N-15",471850.068199999,9525260.50999999,36,9,12,9,1370,NA,0.4,32 puntos
EA1627,EA1627_17,SUE-EA1627-92,A11,"L-X,6,PZEA1627-N-16",471852.3714,9525252.19299999,36,2.95381957715516,8.29888587721759,2.95381957715516,0,NA,0.4,32 puntos
EA1627,EA1627_17,SUE-EA1627-155,A11,"L-X,6,PZEA1627-N-17",471853.068199999,9525257.50999999,36,9,12,9,4153,NA,0.4,32 puntos
EA1627,EA1627_17,SUE-EA1627-182,A11,"L-X,6,PZEA1627-N-18",471850.068199999,9525254.50999999,36,9,12,9,4606,NA,0.4,32 puntos
EA103,EA103_04,SUE-EA103-1,A5,"L-X,6,PZEA103-N-6",471880.607499999,9525527.626,49,5.662649998907,9.90046424860713,5.662649998907,981,NA,0.4,32 puntos
EA103,EA103_04,SUE-EA103-3,A5,"L-X,6,PZEA103-N-7",471883.068199999,9525524.50999999,49,9,12,9,149,NA,0.4,32 puntos
EA103,EA103_04,SUE-EA103-18,A5,"L-X,6,PZEA103-N-8",471882.9698,9525521.97499999,49,6.12415136884972,10.0634403132599,6.12415136884972,1617,NA,0.4,32 puntos
EA634,EA634_05,SUE-EA634-5,A4,"L-X,6,PZEA634-N-5",472598.112499999,9524282.50999999,184,2.73449999839067,7.82299999892711,2.73449999839067,573,NA,0.4,32 puntos
EA634,EA634_05,SUE-EA634-8,A4,"L-X,6,PZEA634-N-6",472598.112499999,9524276.50999999,184,2.73449999839067,7.82299999892711,2.73449999839067,31,NA,0.4,32 puntos
EA634,EA634_05,SUE-EA634-22,A4,"L-X,6,PZEA634-N-7",472598.112499999,9524279.50999999,184,2.73449999839067,7.82299999892711,2.73449999839067,123,NA,0.4,32 puntos
EA634,EA634_05,SUE-EA634-23,A4,"L-X,6,PZEA634-N-8",472600.068199999,9524276.50999999,184,9,12,9,26,NA,0.4,32 puntos
EA634,EA634_05,SUE-EA634-24,A4,"L-X,6,PZEA634-N-9",472606.068199999,9524276.50999999,184,9,12,9,89,NA,0.4,32 puntos
EA5782,EA5782_26,SUE-EA5782-2,A35,"L-X,6,PZEA5782-N-22",471751.068199999,9526184.50999999,5,9,12,9,963,NA,1,32 puntos
EA5782,EA5782_06,SUE-EA5782-13,A42,"L-X,6,PZEA5782-N-23",471784.068199999,9526202.50999999,5,9,12,9,0,NA,1,32 puntos
EA5782,EA5782_26,SUE-EA5782-21,A35,"L-X,6,PZEA5782-N-24",471745.032999999,9526187.445,5,8.5942189863613,11.6700174215416,8.5942189863613,3011,NA,1,32 puntos
EA5782,EA5782_06,SUE-EA5782-29,A42,"L-X,6,PZEA5782-N-25",471778.068199999,9526196.50999999,5,9,12,9,1717,NA,1,32 puntos
EA5782,EA5782_06,SUE-EA5782-57,A42,"L-X,6,PZEA5782-N-26",471775.068199999,9526202.50999999,5,9,12,9,0,NA,1,32 puntos
EA5782,EA5782_06,SUE-EA5782-89,A42,"L-X,6,PZEA5782-N-27",471781.068199999,9526199.50999999,5,9,12,9,0,NA,1,32 puntos
EA5782,EA5782_06,SUE-EA5782-126,A42,"L-X,6,PZEA5782-N-28",471778.068199999,9526205.50999999,5,9,12,9,590,NA,1,32 puntos
EA5782,EA5782_26,SUE-EA5782-147,A35,"L-X,6,PZEA5782-N-29",471742.068199999,9526181.50999999,5,9,12,9,934,NA,1,32 puntos
EA5782,EA5782_26,SUE-EA5782-247,A35,"L-X,6,PZEA5782-N-30",471748.068199999,9526184.50999999,5,9,12,9,43,NA,1,32 puntos
EA5782,EA5782_26,SUE-EA5782-282,A35,"L-X,6,PZEA5782-N-31",471748.0849,9526187.494,5,8.89002476985949,11.9858433860145,8.89002476985949,182,NA,1,32 puntos
EXBATPN31-EA20,EXBATPN31-EA20_14,SUE-EXBATPN31-EA20-45,A52,"L-X,6,EXBATPN31-EA20-N-28",471937.5713,9525950.989,10,5.97006611858755,9.98004960681628,5.97006611858755,43,NA,0.4,32 puntos
EXBATPN31-EA20,EXBATPN31-EA20_75,SUE-EXBATPN31-EA20-65,A85,"L-X,6,EXBATPN31-EA20-N-29",471844.1268,9525948.81,10,7.5084343001053,11.0663560437915,7.5084343001053,2154,NA,0.4,32 puntos
EXBATPN31-EA20,EXBATPN31-EA20_75,SUE-EXBATPN31-EA20-267,A85,"L-X,6,EXBATPN31-EA20-N-30",471850.189499999,9525948.627,10,9.00007031982647,12.0000468831178,9.00007031982647,0,NA,0.4,32 puntos
EXBATPN31-EA20,EXBATPN31-EA20_75,SUE-EXBATPN31-EA20-271,A85,"L-X,6,EXBATPN31-EA20-N-31",471843.993499999,9525946.05599999,10,8.99993122876737,11.9999541545657,8.99993122876737,62,NA,0.4,32 puntos
EXBATPN31-EA20,EXBATPN31-EA20_14,SUE-EXBATPN31-EA20-427,A52,"L-X,6,EXBATPN31-EA20-N-32",471934.5787,9525951.19999999,10,5.96995983416332,9.97995687994717,5.96995983416332,54,NA,0.4,32 puntos
EXBATPN31-EA20,EXBATPN31-EA20_75,SUE-EXBATPN31-EA20-495,A85,"L-X,6,EXBATPN31-EA20-N-33",471846.986099999,9525945.845,10,9.00007031853104,12.0000468822542,9.00007031853104,168,NA,0.4,32 puntos
EXBATPN31-EA20,EXBATPN31-EA20_14,SUE-EXBATPN31-EA20-497,A52,"L-X,6,EXBATPN31-EA20-N-34",471940.3886,9525948.289,10,9.00009140147863,12.0000609341643,9.00009140147863,43,NA,0.4,32 puntos
EXBATPN31-EA20,EXBATPN31-EA20_14,SUE-EXBATPN31-EA20-509,A52,"L-X,6,EXBATPN31-EA20-N-35",471934.4034,9525948.71099999,10,9.00009139849523,12.0000609321754,9.00009139849523,40,NA,0.4,32 puntos
