LOCACION;COD_CELDA;COD_PLANO_CELDA;COD_GRILLA;PUNTO;ESTE;NORTE;ALTITUD;PROF;TIPO_COMP;NUM_EVAL;T_SUPERB;AREA;N_SUPERVIS;TPH;PORC_EXCESO;CA;prof
EA910;AREA-EA910-3;B2;AREA-EA910-3-12;L-X,6,PZEA910-1;481924.452;9528268.453;284;0.15;Area remediada; ;2025;25.23675026;3;416;;0007-4-2025-102;0.15
EA910;AREA-EA910-3;B2;AREA-EA910-3-11;L-X,6,PZEA910-2;481924.559;9528266.893;284;0.15;Area remediada; ;2025;25.23675026;3;349;;0007-4-2025-105;0.15
EA910;AREA-EA910-3;B2;AREA-EA910-3-3;L-X,6,PZEA910-3;481926.284;9528266.885;284;0.15;Area remediada; ;2025;25.23675026;3;58;;0007-4-2025-108;0.15
EA910;AREA-EA910-3;B2;AREA-EA910-3-1;L-X,6,PZEA910-4;481926.2913;9528265.161;284;0.15;Area remediada; ;2025;25.23675026;3;929;;0007-4-2025-111;0.15
EA910;AREA-EA910-3;B2;AREA-EA910-3-6;L-X,6,PZEA910-5;481928;9528265.166;284;0.15;Area remediada; ;2025;25.23675026;3;262;;0007-4-2025-114;0.15
EA910;AREA-EA910-3;B2;AREA-EA910-3-4;L-X,6,PZEA910-6;481927.97;9528263.434;284;0.15;Area remediada; ;2025;25.23675026;3;611;;0007-4-2025-117;0.15
EA920;AREA-EA920-10;B4;AREA-EA920-10-1;L-X,6,PZEA920-1;481744.426;9528308.462;284;0.4;Area remediada; ;2025;13.49288033;3;4622;;0007-4-2025-120;0.4
EA920;AREA-EA920-10;B4;AREA-EA920-10-3;L-X,6,PZEA920-2;481744.436;9528306.741;284;0.4;Area remediada; ;2025;13.49288033;3;1797;;0007-4-2025-123;0.4
EA920;AREA-EA920-12;B6;AREA-EA920-12-1;L-X,6,PZEA920-3;481746.158;9528306.73;284;0.4;Area remediada; ;2025;17.67861675;3;1800;;0007-4-2025-126;0.4
EA920;AREA-EA920-11;B7;AREA-EA920-11-1;L-X,6,PZEA920-4;481746.158;9528304.998;284;0.4;Area remediada; ;2025;15.63360988;3;119;;0007-4-2025-129;0.4
EA920;AREA-EA920-5;E2;AREA-EA920-5-7;L-X,6,PZEA920-5;481789.459;9528279.017;284;0.1;Area remediada; ;2025;25.72804191;3;0;;0007-4-2025-132;0.1
EA920;AREA-EA920-5;E2;AREA-EA920-5-1;L-X,6,PZEA920-6;481789.504;9528280.713;284;0.1;Area remediada; ;2025;25.72804191;3;0;;0007-4-2025-135;0.1
EA920;AREA-EA920-5;E2;AREA-EA920-5-2;L-X,6,PZEA920-7;481791.196;9528284.208;284;0.1;Area remediada; ;2025;25.72804191;3;0;;0007-4-2025-138;0.1
EA920;AREA-EA920-5;E2;AREA-EA920-5-5;L-X,6,PZEA920-8;481792.754;9528284.011;284;0.1;Area remediada; ;2025;25.72804191;3;0;;0007-4-2025-141;0.1
EA9563;AREA-EA9563-1;G1;AREA-EA9563-1-2;L-X,6,PZEA9563-1;482267.489;9527754.18;289;0.3;Area remediada; ;2025;13.47997751;3;0;;0007-4-2025-144;0.3
EA9563;AREA-EA9563-1;G1;AREA-EA9563-1-1;L-X,6,PZEA9563-2;482267.556;9527752.519;289;0.3;Area remediada; ;2025;13.47997751;3;0;;0007-4-2025-147;0.3
EA9563;AREA-EA9563-10;D17;AREA-EA9563-10-2;L-X,6,PZEA9563-3;482274.434;9527729.957;289;0.25;Area remediada; ;2025;19.67457368;3;0;;0007-4-2025-150;0.25
EA9563;AREA-EA9563-9;D16;AREA-EA9563-9-3;L-X,6,PZEA9563-4;482276.166;9527728.225;289;0.25;Area remediada; ;2025;56.19769794;3;0;;0007-4-2025-153;0.25
EA9563;AREA-EA9563-16;C13;AREA-EA9563-16-5;L-X,6,PZEA9563-5;482281.454;9527636.433;289;0.4;Area remediada; ;2025;11.03286759;3;35;;0007-4-2025-156;0.4
EA9562;AREA-EA9562-14;T3;AREA-EA9562-14-1;L-X,6,PZEA9562-1;481945.38;9527839.113;294;0.2;Area remediada; ;2025;15.02781431;3;1270;;0007-4-2025-159;0.2
EA9562;AREA-EA9562-14;T3;AREA-EA9562-14-2;L-X,6,PZEA9562-2;481947.076;9527839.076;294;0.2;Area remediada; ;2025;15.02781431;3;233;;0007-4-2025-162;0.2
EA9562;AREA-EA9562-8;AC2;AREA-EA9562-8-2;L-X,6,PZEA9562-3;482002.599;9527851.453;294;0.4;Area remediada; ;2025;15.77018412;3;23;;0007-4-2025-165;0.4
EA9562;AREA-EA9562-8;AC2;AREA-EA9562-8-4;L-X,6,PZEA9562-4;482004.234;9527851.202;294;0.4;Area remediada; ;2025;15.77018412;3;25;;0007-4-2025-168;0.4
EA9562;AREA-EA9562-8;AC2;AREA-EA9562-8-1;L-X,6,PZEA9562-5;482006.119;9527849.673;294;0.4;Area remediada; ;2025;15.77018412;3;538;;0007-4-2025-171;0.4
EA9562;AREA-EA9562-8;AC2;AREA-EA9562-8-3;L-X,6,PZEA9562-6;482007.643;9527849.654;294;0.4;Area remediada; ;2025;15.77018412;3;26;;0007-4-2025-174;0.4
EA5698;AREA-EA5698-1;C1;AREA-EA5698-1-1;L-X,6,PZEA5698-1;482026.75;9527276.16;286;0.1;Area remediada; ;2025;17.41168754;3;989;;0007-4-2025-177;0.1
EA5698;AREA-EA5698-1;C1;AREA-EA5698-1-4;L-X,6,PZEA5698-2;482026.953;9527277.756;286;0.1;Area remediada; ;2025;17.41168754;3;1651;;0007-4-2025-180;0.1
EA5698;AREA-EA5698-1;C1;AREA-EA5698-1-3;L-X,6,PZEA5698-3;482028.358;9527277.754;286;0.1;Area remediada; ;2025;17.41168754;3;809;;0007-4-2025-183;0.1
EA5698;AREA-EA5698-1;C1;AREA-EA5698-1-2;L-X,6,PZEA5698-4;482028.482;9527276.16;286;0.1;Area remediada; ;2025;17.41168754;3;212;;0007-4-2025-186;0.1
EA1293;AREA-EA1293-6;D1;AREA-EA1293-6-3;L-X,6,PZEA1293-1;482210.371;9527115.108;289;0.25;Area remediada; ;2025;10.92612951;3;4563;;0007-4-2025-189;0.25
EA1293;AREA-EA1293-6;D1;AREA-EA1293-6-1;L-X,6,PZEA1293-2;482210.384;9527116.625;289;0.25;Area remediada; ;2025;10.92612951;3;339;;0007-4-2025-192;0.25
EA1293;AREA-EA1293-6;D1;AREA-EA1293-6-2;L-X,6,PZEA1293-3;482211.956;9527116.685;289;0.25;Area remediada; ;2025;10.92612951;3;24;;0007-4-2025-195;0.25
EA1293;AREA-EA1293-5;B5;AREA-EA1293-5-5;L-X,6,PZEA1293-4;482231.132;9527120.275;289;0.1;Area remediada; ;2025;34.83384787;3;133;;0007-4-2025-198;0.1
EA1293;AREA-EA1293-5;B5;AREA-EA1293-5-1;L-X,6,PZEA1293-5;482232.842;9527118.562;289;0.1;Area remediada; ;2025;34.83384787;3;1395;;0007-4-2025-201;0.1
EA1293;AREA-EA1293-3;B3;AREA-EA1293-3-3;L-X,6,PZEA1293-6;482231.136;9527116.821;289;0.1;Area remediada; ;2025;18.71595166;3;0;;0007-4-2025-204;0.1
EA1293;AREA-EA1293-5;B5;AREA-EA1293-5-3;L-X,6,PZEA1293-7;482232.874;9527121.998;289;0.1;Area remediada; ;2025;34.83384787;3;0;;0007-4-2025-207;0.1
EA1293;AREA-EA1293-5;B5;AREA-EA1293-5-2;L-X,6,PZEA1293-8;482234.426;9527122.051;289;0.1;Area remediada; ;2025;34.83384787;3;50;;0007-4-2025-210;0.1
EA1293;AREA-EA1293-5;B5;AREA-EA1293-5-7;L-X,6,PZEA1293-9;482234.434;9527123.727;289;0.1;Area remediada; ;2025;34.83384787;3;38;;0007-4-2025-213;0.1
EA9066;AREA-EA9066-5;B32;AREA-EA9066-5-32;L-X,6,PZEA9066-1;482464.959;9527281.356;309;0.2;Area remediada; ;2025;343.4673293;3;72;;0007-4-2025-216;0.2
EA9066;AREA-EA9066-19;B3;AREA-EA9066-19-1;L-X,6,PZEA9066-2;482465.071;9527279.736;309;0.2;Area remediada; ;2025;9.32261401;3;803;;0007-4-2025-219;0.2
EA9066;AREA-EA9066-1;K1;AREA-EA9066-1-4;L-X,6,PZEA9066-3;482473.619;9527262.303;309;0.35;Area remediada; ;2025;9.808158624;3;554;;0007-4-2025-222;0.35
EA9066;AREA-EA9066-2;L6;AREA-EA9066-2-1;L-X,6,PZEA9066-4;482475.234;9527262.135;309;0.35;Area remediada; ;2025;55.58936762;3;1658;;0007-4-2025-225;0.35
EA9066;AREA-EA9066-2;L6;AREA-EA9066-2-7;L-X,6,PZEA9066-5;482477.083;9527260.571;309;0.35;Area remediada; ;2025;55.58936762;3;2718;;0007-4-2025-228;0.35
EA9066;AREA-EA9066-3;L1;AREA-EA9066-3-2;L-X,6,PZEA9066-6;482475.443;9527258.957;309;0.35;Area remediada; ;2025;17.48066481;3;4781;;0007-4-2025-231;0.35
EA9066;AREA-EA9066-17;B7;AREA-EA9066-17-1;L-X,6,PZEA9066-7;482478.815;9527286.552;309;0.25;Area remediada; ;2025;27.21558168;3;186;;0007-4-2025-234;0.25
EA9066;AREA-EA9066-18;B8;AREA-EA9066-18-1;L-X,6,PZEA9066-8;482480.475;9527286.615;309;0.25;Area remediada; ;2025;21.69115897;3;22;;0007-4-2025-237;0.25
EA9066;AREA-EA9066-7;B9;AREA-EA9066-7-2;L-X,6,PZEA9066-9;482482.067;9527288.439;309;0.25;Area remediada; ;2025;15.81652801;3;605;;0007-4-2025-240;0.25
EA1040;AREA-EA1040-1;B6;AREA-EA1040-1-1;L-X,6,PZEA1040-1;481803.316;9527482.274;288;0.1;Area remediada; ;2025;16.53112824;3;196;;0007-4-2025-243;0.1
EA1040;AREA-EA1040-1;B6;AREA-EA1040-1-2;L-X,6,PZEA1040-2;481803.316;9527484.006;288;0.1;Area remediada; ;2025;16.53112824;3;38;;0007-4-2025-246;0.1
EA1040;AREA-EA1040-1;B6;AREA-EA1040-1-3;L-X,6,PZEA1040-3;481803.316;9527485.738;288;0.1;Area remediada; ;2025;16.53112824;3;0;;0007-4-2025-249;0.1
EA1040;AREA-EA1040-1;B6;AREA-EA1040-1-5;L-X,6,PZEA1040-4;481803.446;9527487.333;288;0.1;Area remediada; ;2025;16.53112824;3;0;;0007-4-2025-252;0.1
EA1040;AREA-EA1040-4;B2;AREA-EA1040-4-3;L-X,6,PZEA1040-5;481808.512;9527475.346;288;0.3;Area remediada; ;2025;16.91344724;3;694;;0007-4-2025-255;0.3
EA1040;AREA-EA1040-4;B2;AREA-EA1040-4-4;L-X,6,PZEA1040-6;481808.521;9527473.673;288;0.3;Area remediada; ;2025;16.91344724;3;319;;0007-4-2025-258;0.3
EA1040;AREA-EA1040-4;B2;AREA-EA1040-4-6;L-X,6,PZEA1040-7;481810.244;9527475.346;288;0.3;Area remediada; ;2025;16.91344724;3;1141;;0007-4-2025-261;0.3
EA1040;AREA-EA1040-4;B2;AREA-EA1040-4-2;L-X,6,PZEA1040-8;481811.871;9527473.515;288;0.3;Area remediada; ;2025;16.91344724;3;52;;0007-4-2025-264;0.3
EA1040;AREA-EA1040-9;K4;AREA-EA1040-9-5;L-X,6,PZEA1040-9;481860.306;9527497.742;278;0.1;Area remediada; ;2025;26.00348768;3;0;;0007-4-2025-267;0.1
EA1040;AREA-EA1040-9;K4;AREA-EA1040-9-6;L-X,6,PZEA1040-12R;481862.308;9527491.012;278;0.1;Area remediada; ;2025;26.00348768;3;28;;0007-4-2025-270;0.1
EA1040;AREA-EA1040-9;K4;AREA-EA1040-9-8;L-X,6,PZEA1040-13;481863.938;9527489.203;278;0.1;Area remediada; ;2025;26.00348768;3;20;;0007-4-2025-273;0.1
EA9082;AREA-EA9082-3;B6;AREA-EA9082-3-4;L-X,6,PZEA9082-1;480971.931;9527371.423;305;0.15;Area remediada; ;2025;19.88813236;3;0;;0007-4-2025-276;0.15
EA9082;AREA-EA9082-2;B5;AREA-EA9082-2-2;L-X,6,PZEA9082-2;480973.507;9527371.233;305;0.15;Area remediada; ;2025;37.35606057;3;0;;0007-4-2025-279;0.15
EA9082;AREA-EA9082-4;B8;AREA-EA9082-4-4;L-X,6,PZEA9082-3;480971.946;9527374.873;305;0.15;Area remediada; ;2025;25.05526282;3;0;;0007-4-2025-282;0.15
EA9082;AREA-EA9082-4;B8;AREA-EA9082-4-3;L-X,6,PZEA9082-4;480973.651;9527376.631;305;0.15;Area remediada; ;2025;25.05526282;3;0;;0007-4-2025-285;0.15
EA9812;AREA-EA9812-4;E6;AREA-EA9812-4-2;L-X,6,PZEA9812-1;480937.023;9527026.74;308;0.15;Area remediada; ;2025;11.05200272;3;0;;0007-4-2025-288;0.15
EA9812;AREA-EA9812-4;E6;AREA-EA9812-4-1;L-X,6,PZEA9812-2;480937.194;9527024.97;308;0.15;Area remediada; ;2025;11.05200272;3;0;;0007-4-2025-291;0.15
EA9812;AREA-EA9812-10;E23;AREA-EA9812-10-1;L-X,6,PZEA9812-3;480951.147;9527002.496;308;0.2;Area remediada; ;2025;41.6158463;3;814;;0007-4-2025-294;0.2
EA9812;AREA-EA9812-9;E21;AREA-EA9812-9-12;L-X,6,PZEA9812-4;480951.147;9527004.228;308;0.2;Area remediada; ;2025;53.24986731;3;1939;;0007-4-2025-297;0.2
EA9022;AREA-EA9022-3;B17;AREA-EA9022-3-12;L-X,6,PZEA9022-1;481864.04;9526657.676;286;0.1;Area remediada; ;2025;100.8234354;3;71;;0007-4-2025-300;0.1
EA9022;AREA-EA9022-3;B17;AREA-EA9022-3-22;L-X,6,PZEA9022-2;481867.401;9526657.818;286;0.1;Area remediada; ;2025;100.8234354;3;49;;0007-4-2025-303;0.1
EA9022;AREA-EA9022-3;B17;AREA-EA9022-3-30;L-X,6,PZEA9022-3;481867.401;9526656.086;286;0.1;Area remediada; ;2025;100.8234354;3;26;;0007-4-2025-306;0.1
EA9022;AREA-EA9022-3;B17;AREA-EA9022-3-25;L-X,6,PZEA9022-4;481869.134;9526657.818;286;0.1;Area remediada; ;2025;100.8234354;3;26;;0007-4-2025-309;0.1
EA9022;AREA-EA9022-3;B17;AREA-EA9022-3-18;L-X,6,PZEA9022-5;481870.866;9526657.818;286;0.1;Area remediada; ;2025;100.8234354;3;26;;0007-4-2025-312;0.1
EA9022;AREA-EA9022-3;B17;AREA-EA9022-3-19;L-X,6,PZEA9022-6;481870.866;9526659.55;286;0.1;Area remediada; ;2025;100.8234354;3;119;;0007-4-2025-315;0.1
EA9022;AREA-EA9022-3;B17;AREA-EA9022-3-17;L-X,6,PZEA9022-7;481872.577;9526661.263;286;0.1;Area remediada; ;2025;100.8234354;3;42;;0007-4-2025-318;0.1
EA9022;AREA-EA9022-3;B17;AREA-EA9022-3-5;L-X,6,PZEA9022-8;481872.353;9526662.968;286;0.1;Area remediada; ;2025;100.8234354;3;650;;0007-4-2025-321;0.1
EA9022;AREA-EA9022-3;B17;AREA-EA9022-3-39;L-X,6,PZEA9022-9;481870.866;9526663.014;286;0.1;Area remediada; ;2025;100.8234354;3;592;;0007-4-2025-324;0.1
EA9022;AREA-EA9022-3;B17;AREA-EA9022-3-3;L-X,6,PZEA9022-10;481867.434;9526661.258;286;0.1;Area remediada; ;2025;100.8234354;3;57;;0007-4-2025-327;0.1
EA9022;AREA-EA9022-3;B17;AREA-EA9022-3-20;L-X,6,PZEA9022-11;481874.33;9526656.086;286;0.1;Area remediada; ;2025;100.8234354;3;19;;0007-4-2025-330;0.1
EA9022;AREA-EA9022-3;B17;AREA-EA9022-3-32;L-X,6,PZEA9022-12;481875.982;9526657.751;286;0.1;Area remediada; ;2025;100.8234354;3;0;;0007-4-2025-333;0.1
EA9022;AREA-EA9022-11;E5;AREA-EA9022-11-4;L-X,6,PZEA9022-13;481895.114;9526654.353;286;0.1;Area remediada; ;2025;37.25963321;3;231;;0007-4-2025-336;0.1
EA9022;AREA-EA9022-11;E5;AREA-EA9022-11-1;L-X,6,PZEA9022-14;481896.766;9526654.294;286;0.1;Area remediada; ;2025;37.25963321;3;1086;;0007-4-2025-339;0.1
EA9022;AREA-EA9022-11;E5;AREA-EA9022-11-2;L-X,6,PZEA9022-15;481895.163;9526656.061;286;0.1;Area remediada; ;2025;37.25963321;3;384;;0007-4-2025-342;0.1
EA9022;AREA-EA9022-11;E5;AREA-EA9022-11-3;L-X,6,PZEA9022-16;481895.309;9526657.785;286;0.1;Area remediada; ;2025;37.25963321;3;478;;0007-4-2025-345;0.1
EA1537;AREA-EA1537-6;J1;AREA-EA1537-6-2;L-X,6,PZEA1537-1;481754.716;9527064.917;289;0.3;Area remediada; ;2025;9.013546831;3;296;;0007-4-2025-348;0.3
EA1537;AREA-EA1537-3;E4;AREA-EA1537-3-7;L-X,6,PZEA1537-2;481825.832;9526979.979;289;0.2;Area remediada; ;2025;34.13561863;3;92;;0007-4-2025-351;0.2
EA1537;AREA-EA1537-3;E4;AREA-EA1537-3-6;L-X,6,PZEA1537-3;481827.535;9526979.908;289;0.2;Area remediada; ;2025;34.13561863;3;154;;0007-4-2025-354;0.2
EA1537;AREA-EA1537-3;E4;AREA-EA1537-3-3;L-X,6,PZEA1537-4;481829.288;9526979.832;289;0.2;Area remediada; ;2025;34.13561863;3;0;;0007-4-2025-357;0.2
EA1537;AREA-EA1537-3;E4;AREA-EA1537-3-4;L-X,6,PZEA1537-5;481831.046;9526978.264;289;0.2;Area remediada; ;2025;34.13561863;3;3901;;0007-4-2025-360;0.2
EA1296;AREA-EA1296-1;J1;AREA-EA1296-1-1;L-X,6,PZEA1296-1;482121.774;9526657.754;289;0.35;Area remediada; ;2025;16.26628397;3;266;;0007-4-2025-363;0.35
EA1296;AREA-EA1296-1;J1;AREA-EA1296-1-2;L-X,6,PZEA1296-2;482121.99;9526656.068;289;0.35;Area remediada; ;2025;16.26628397;3;33;;0007-4-2025-366;0.35
EA1296;AREA-EA1296-2;A2;AREA-EA1296-2-3;L-X,6,PZEA1296-3;482109.889;9526657.818;289;0.4;Area remediada; ;2025;11.37783307;3;0;;0007-4-2025-369;0.4
EA9273;AREA-EA9273-3;E5;AREA-EA9273-3-2;L-X,6,PZEA9273-1;481245.623;9527085.605;274;0.15;Area remediada; ;2025;46.68427207;3;225;;0007-4-2025-372;0.15
EA9273;AREA-EA9273-3;E5;AREA-EA9273-3-1;L-X,6,PZEA9273-2;481247.327;9527085.634;274;0.15;Area remediada; ;2025;46.68427207;3;0;;0007-4-2025-375;0.15
EA9273;AREA-EA9273-3;E5;AREA-EA9273-3-3;L-X,6,PZEA9273-3;481249.059;9527085.634;274;0.15;Area remediada; ;2025;46.68427207;3;113;;0007-4-2025-378;0.15
EA922;AREA-EA922-6;G5;AREA-EA922-6-3;L-X,6,PZEA922-1;481467.432;9527575.683;296;0.1;Area remediada; ;2025;11.95407868;3;900;;0007-4-2025-381;0.1
EA922;AREA-EA922-6;G5;AREA-EA922-6-4;L-X,6,PZEA922-2;481469.027;9527575.807;296;0.1;Area remediada; ;2025;11.95407868;3;94;;0007-4-2025-384;0.1
EA922;AREA-EA922-6;G5;AREA-EA922-6-5;L-X,6,PZEA922-3;481469.03;9527577.537;296;0.1;Area remediada; ;2025;11.95407868;3;99;;0007-4-2025-387;0.1
EA922;AREA-EA922-6;G5;AREA-EA922-6-6;L-X,6,PZEA922-4;481470.661;9527577.564;296;0.1;Area remediada; ;2025;11.95407868;3;108;;0007-4-2025-390;0.1
EA922;AREA-EA922-8;G3;AREA-EA922-8-2;L-X,6,PZEA922-5;481472.494;9527584.465;296;0.1;Area remediada; ;2025;12.40987787;3;1926;;0007-4-2025-393;0.1
EA922;AREA-EA922-8;G3;AREA-EA922-8-1;L-X,6,PZEA922-6;481472.494;9527585.994;296;0.1;Area remediada; ;2025;12.40987787;3;50;;0007-4-2025-396;0.1
EA9298;AREA-EA9298-1;B1;AREA-EA9298-1-2;L-X,6,PZEA9298-1;480975.395;9528698.174;292;0.5;Area remediada; ;2025;18.2700537;3;0;;0007-4-2025-399;0.5
EA9298;AREA-EA9298-1;B1;AREA-EA9298-1-1;L-X,6,PZEA9298-2;480975.433;9528696.512;292;0.5;Area remediada; ;2025;18.2700537;3;0;;0007-4-2025-402;0.5
EA9298;AREA-EA9298-1;B1;AREA-EA9298-1-4;L-X,6,PZEA9298-3;480977.096;9528696.489;292;0.5;Area remediada; ;2025;18.2700537;3;0;;0007-4-2025-405;0.5
EA9298;AREA-EA9298-1;B1;AREA-EA9298-1-3;L-X,6,PZEA9298-4;480977.127;9528698.174;292;0.5;Area remediada; ;2025;18.2700537;3;0;;0007-4-2025-408;0.5
EA1292;AREA-EA1292-2;I1;AREA-EA1292-2-2;L-X,6,PZEA1292-1;480951.287;9528592.563;292;0.1;Area remediada; ;2025;9.167102859;3;86;;0007-4-2025-411;0.1
EA1292;AREA-EA1292-2;I1;AREA-EA1292-2-1;L-X,6,PZEA1292-2;480952.718;9528590.733;292;0.1;Area remediada; ;2025;9.167102859;3;65;;0007-4-2025-414;0.1
EA1292;AREA-EA1292-1;B1;AREA-EA1292-1-1;L-X,6,PZEA1292-3;481013.503;9528590.784;292;0.1;Area remediada; ;2025;15.82696453;3;2521;;0007-4-2025-417;0.1
EA1292;AREA-EA1292-1;B1;AREA-EA1292-1-2;L-X,6,PZEA1292-4;481015.232;9528590.786;292;0.1;Area remediada; ;2025;15.82696453;3;1784;;0007-4-2025-420;0.1
EA9297;AREA-EA9297-8;M1;AREA-EA9297-8-2;L-X,6,PZEA9297-1;481008.308;9528538.829;283;0.1;Area remediada; ;2025;11.32141543;3;0;;0007-4-2025-423;0.1
EA9297;AREA-EA9297-8;M1;AREA-EA9297-8-1;L-X,6,PZEA9297-2;481010.036;9528538.825;283;0.1;Area remediada; ;2025;11.32141543;3;0;;0007-4-2025-426;0.1
EA9297;AREA-EA9297-5;J1;AREA-EA9297-5-1;L-X,6,PZEA9297-3;481103.567;9528518.04;283;0.1;Area remediada; ;2025;29.52877819;3;2172;;0007-4-2025-429;0.1
EA9297;AREA-EA9297-5;J1;AREA-EA9297-5-3;L-X,6,PZEA9297-4;481103.683;9528519.692;283;0.1;Area remediada; ;2025;29.52877819;3;7510;;0007-4-2025-432;0.1
EA9297;AREA-EA9297-5;J1;AREA-EA9297-5-2;L-X,6,PZEA9297-5;481105.299;9528519.772;283;0.1;Area remediada; ;2025;29.52877819;3;2298;;0007-4-2025-435;0.1
EA2086;AREA-EA2086-5;B4;AREA-EA2086-5-1;L-X,6,PZEA2086-1;481152.065;9528646.212;283;0.2;Area remediada; ;2025;16.55048319;3;29;;0007-4-2025-438;0.2
EA2086;AREA-EA2086-5;B4;AREA-EA2086-5-2;L-X,6,PZEA2086-2;481152.065;9528647.944;283;0.2;Area remediada; ;2025;16.55048319;3;658;;0007-4-2025-441;0.2
EA2086;AREA-EA2086-5;B4;AREA-EA2086-5-7;L-X,6,PZEA2086-3;481152.065;9528649.676;283;0.2;Area remediada; ;2025;16.55048319;3;75;;0007-4-2025-444;0.2
EA2086;AREA-EA2086-5;B4;AREA-EA2086-5-3;L-X,6,PZEA2086-4;481153.766;9528649.621;283;0.2;Area remediada; ;2025;16.55048319;3;1257;;0007-4-2025-447;0.2
EA2086;AREA-EA2086-2;E5;AREA-EA2086-2-10;L-X,6,PZEA2086-5;481164.272;9528618.534;283;0.15;Area remediada; ;2025;74.78514412;3;1316;;0007-4-2025-450;0.15
EA2086;AREA-EA2086-2;E5;AREA-EA2086-2-7;L-X,6,PZEA2086-6;481165.921;9528616.767;283;0.15;Area remediada; ;2025;74.78514412;3;203;;0007-4-2025-453;0.15
EA2086;AREA-EA2086-2;E5;AREA-EA2086-2-2;L-X,6,PZEA2086-7;481165.921;9528615.035;283;0.15;Area remediada; ;2025;74.78514412;3;1467;;0007-4-2025-456;0.15
EA2086;AREA-EA2086-2;E5;AREA-EA2086-2-13;L-X,6,PZEA2086-8;481167.651;9528615.031;283;0.15;Area remediada; ;2025;74.78514412;3;47;;0007-4-2025-459;0.15
EA2086;AREA-EA2086-2;E5;AREA-EA2086-2-4;L-X,6,PZEA2086-9;481167.653;9528613.303;283;0.15;Area remediada; ;2025;74.78514412;3;8;;0007-4-2025-462;0.15
EA2086;AREA-EA2086-2;E5;AREA-EA2086-2-11;L-X,6,PZEA2086-10;481165.921;9528613.303;283;0.15;Area remediada; ;2025;74.78514412;3;1001;;0007-4-2025-465;0.15
EA2086;AREA-EA2086-2;E5;AREA-EA2086-2-3;L-X,6,PZEA2086-11;481167.653;9528611.571;283;0.15;Area remediada; ;2025;74.78514412;3;93;;0007-4-2025-468;0.15
EA2056;AREA-EA2056-8;B2;AREA-EA2056-8-4;L-X,6,PZEA2056-1;480578.756;9528729.351;303;0.2;Area remediada; ;2025;25.28953595;3;222;;0007-4-2025-471;0.2
EA2056;AREA-EA2056-8;B2;AREA-EA2056-8-6;L-X,6,PZEA2056-2;480578.757;9528731.081;303;0.2;Area remediada; ;2025;25.28953595;3;331;;0007-4-2025-474;0.2
EA2056;AREA-EA2056-8;B2;AREA-EA2056-8-9;L-X,6,PZEA2056-3;480578.901;9528732.764;303;0.2;Area remediada; ;2025;25.28953595;3;2108;;0007-4-2025-477;0.2
EA2056;AREA-EA2056-8;B2;AREA-EA2056-8-8;L-X,6,PZEA2056-4;480580.463;9528732.789;303;0.2;Area remediada; ;2025;25.28953595;3;78;;0007-4-2025-480;0.2
EA2056;AREA-EA2056-8;B2;AREA-EA2056-8-7;L-X,6,PZEA2056-5;480580.488;9528731.083;303;0.2;Area remediada; ;2025;25.28953595;3;488;;0007-4-2025-483;0.2
EA2056;AREA-EA2056-1;L2;AREA-EA2056-1-2;L-X,6,PZEA2056-6;480651.503;9528765.722;303;0.1;Area remediada; ;2025;30.25276497;3;35;;0007-4-2025-486;0.1
EA2056;AREA-EA2056-1;L2;AREA-EA2056-1-3;L-X,6,PZEA2056-7;480651.743;9528760.545;303;0.1;Area remediada; ;2025;30.25276497;3;106;;0007-4-2025-489;0.1
EA2056;AREA-EA2056-1;L2;AREA-EA2056-1-6;L-X,6,PZEA2056-8;480653.234;9528760.527;303;0.1;Area remediada; ;2025;30.25276497;3;1001;;0007-4-2025-492;0.1
EA2056;AREA-EA2056-1;L2;AREA-EA2056-1-4;L-X,6,PZEA2056-9;480653.234;9528758.795;303;0.1;Area remediada; ;2025;30.25276497;3;1018;;0007-4-2025-495;0.1
EA10233;AREA-EA10233-1;B5;AREA-EA10233-1-2;L-X,6,PZEA10223-1;482555.026;9528805.561;298;0.3;Area remediada; ;2025;21.59356118;3;;;;
EA10233;AREA-EA10233-1;B5;AREA-EA10233-1-3;L-X,6,PZEA10223-2;482555.026;9528807.293;298;0.3;Area remediada; ;2025;21.59356118;3;;;;
EA10233;AREA-EA10233-3;B2;AREA-EA10233-3-4;L-X,6,PZEA10223-3;482556.758;9528807.293;298;0.3;Area remediada; ;2025;57.12823935;3;;;;
EA10233;AREA-EA10233-3;B2;AREA-EA10233-3-1;L-X,6,PZEA10223-4;482560.222;9528805.561;298;0.3;Area remediada; ;2025;57.12823935;3;;;;
EA10233;AREA-EA10233-2;B3;AREA-EA10233-2-6;L-X,6,PZEA10223-5;482561.954;9528805.561;298;0.3;Area remediada; ;2025;23.37654831;3;;;;
EA10233;AREA-EA10233-3;B2;AREA-EA10233-3-5;L-X,6,PZEA10223-6;482561.954;9528802.097;298;0.3;Area remediada; ;2025;57.12823935;3;;;;
EA10233;AREA-EA10233-3;B2;AREA-EA10233-3-6;L-X,6,PZEA10223-7;482561.967;9528800.377;298;0.3;Area remediada; ;2025;57.12823935;3;;;;
EA10233;AREA-EA10233-2;B3;AREA-EA10233-2-7;L-X,6,PZEA10223-8;482560.222;9528809.024;298;0.3;Area remediada; ;2025;23.37654831;3;;;;
EA10233;AREA-EA10233-5;C1;AREA-EA10233-5-2;L-X,6,PZEA10223-9;482565.543;9528786.539;298;0.4;Area remediada; ;2025;17.11648701;3;;;;
EA10233;AREA-EA10233-5;C1;AREA-EA10233-5-4;L-X,6,PZEA10223-10;482567.15;9528786.508;298;0.4;Area remediada; ;2025;17.11648701;3;;;;
EA10233;AREA-EA10233-5;C1;AREA-EA10233-5-3;L-X,6,PZEA10223-11;482567.18;9528784.875;298;0.4;Area remediada; ;2025;17.11648701;3;;;;
EA10233;AREA-EA10233-5;C1;AREA-EA10233-5-1;L-X,6,PZEA10223-12;482568.813;9528784.728;298;0.4;Area remediada; ;2025;17.11648701;3;;;;
EA9009;AREA-EA9009-7;B6;AREA-EA9009-7-5;L-X,6,PZEA9009-1;480679.435;9528594.317;311;0.4;Area remediada; ;2025;14.84205489;3;22;;0007-4-2025-534;0.4
EA9009;AREA-EA9009-7;B6;AREA-EA9009-7-6;L-X,6,PZEA9009-2;480680.947;9528594.251;311;0.4;Area remediada; ;2025;14.84205489;3;18;;0007-4-2025-537;0.4
EA9009;AREA-EA9009-7;B6;AREA-EA9009-7-2;L-X,6,PZEA9009-3;480680.928;9528592.704;311;0.4;Area remediada; ;2025;14.84205489;3;1003;;0007-4-2025-540;0.4
EA9009;AREA-EA9009-7;B6;AREA-EA9009-7-3;L-X,6,PZEA9009-4;480680.947;9528595.983;311;0.4;Area remediada; ;2025;14.84205489;3;141;;0007-4-2025-543;0.4
EA9009;AREA-EA9009-2;C1;AREA-EA9009-2-3;L-X,6,PZEA9009-5R;480684.469;9528614.986;311;0.3;Area remediada; ;2025;17.42567054;3;0;;0007-4-2025-546;0.3
EA9009;AREA-EA9009-2;C1;AREA-EA9009-2-5;L-X,6,PZEA9009-6R;480686.143;9528616.767;311;0.3;Area remediada; ;2025;17.42567054;3;0;;0007-4-2025-549;0.3
EA9009;AREA-EA9009-2;C1;AREA-EA9009-2-4;L-X,6,PZEA9009-7R;480687.738;9528616.804;311;0.3;Area remediada; ;2025;17.42567054;3;1613;;0007-4-2025-552;0.3
EA9009;AREA-EA9009-2;C1;AREA-EA9009-2-1;L-X,6,PZEA9009-8R;480686.235;9528618.282;311;0.2;Area remediada; ;2025;17.42567054;3;0;;0007-4-2025-555;0.2
EA9009;AREA-EA9009-4;C2;AREA-EA9009-4-1;L-X,6,PZEA9009-9R;480687.891;9528618.484;311;0.2;Area remediada; ;2025;9.978412791;3;70;;0007-4-2025-558;0.2
EA2344;AREA-EA2344-5;B15;AREA-EA2344-5-105;L-X,6,PZEA2344-1;482482.304;9528942.323;293;0.1;Area remediada; ;2025;420.8652904;3;2582;;0007-4-2025-561;0.1
EA2344;AREA-EA2344-5;B15;AREA-EA2344-5-81;L-X,6,PZEA2344-2;482484.012;9528942.393;293;0.1;Area remediada; ;2025;420.8652904;3;2888;;0007-4-2025-564;0.1
EA2344;AREA-EA2344-5;B15;AREA-EA2344-5-109;L-X,6,PZEA2344-3;482484.012;9528938.929;293;0.1;Area remediada; ;2025;420.8652904;3;605;;0007-4-2025-567;0.1
EA2344;AREA-EA2344-5;B15;AREA-EA2344-5-83;L-X,6,PZEA2344-4;482482.372;9528939.026;293;0.1;Area remediada; ;2025;420.8652904;3;570;;0007-4-2025-570;0.1
EA2344;AREA-EA2344-6;B1;AREA-EA2344-6-4;L-X,6,PZEA2344-5;482485.744;9528938.929;293;0.4;Area remediada; ;2025;23.79575865;3;3712;;0007-4-2025-573;0.4
EA2344;AREA-EA2344-6;B1;AREA-EA2344-6-1;L-X,6,PZEA2344-6;482487.475;9528938.922;293;0.4;Area remediada; ;2025;23.79575865;3;5318;;0007-4-2025-576;0.4
EA2344;AREA-EA2344-6;B1;AREA-EA2344-6-5;L-X,6,PZEA2344-7;482487.476;9528937.197;293;0.4;Area remediada; ;2025;23.79575865;3;4165;;0007-4-2025-579;0.4
EA2344;AREA-EA2344-5;B15;AREA-EA2344-5-76;L-X,6,PZEA2344-8;482487.476;9528935.465;293;0.1;Area remediada; ;2025;420.8652904;3;4105;;0007-4-2025-582;0.1
EA2344;AREA-EA2344-5;B15;AREA-EA2344-5-38;L-X,6,PZEA2344-9;482489.208;9528933.733;293;0.1;Area remediada; ;2025;420.8652904;3;330;;0007-4-2025-585;0.1
EA2344;AREA-EA2344-5;B15;AREA-EA2344-5-74;L-X,6,PZEA2344-10;482489.18;9528932.051;293;0.1;Area remediada; ;2025;420.8652904;3;67;;0007-4-2025-588;0.1
EA2344;AREA-EA2344-5;B15;AREA-EA2344-5-19;L-X,6,PZEA2344-11;482490.977;9528932.048;293;0.1;Area remediada; ;2025;420.8652904;3;739;;0007-4-2025-591;0.1
EA2344;AREA-EA2344-5;B15;AREA-EA2344-5-122;L-X,6,PZEA2344-12;482490.94;9528935.465;293;0.1;Area remediada; ;2025;420.8652904;3;197;;0007-4-2025-594;0.1
EA2344;AREA-EA2344-5;B15;AREA-EA2344-5-58;L-X,6,PZEA2344-13;482490.94;9528937.197;293;0.1;Area remediada; ;2025;420.8652904;3;74;;0007-4-2025-597;0.1
EA2344;AREA-EA2344-5;B15;AREA-EA2344-5-29;L-X,6,PZEA2344-14;482492.672;9528937.197;293;0.1;Area remediada; ;2025;420.8652904;3;123;;0007-4-2025-600;0.1
EA2344;AREA-EA2344-5;B15;AREA-EA2344-5-64;L-X,6,PZEA2344-15;482494.404;9528935.465;293;0.1;Area remediada; ;2025;420.8652904;3;465;;0007-4-2025-603;0.1
EA2344;AREA-EA2344-5;B15;AREA-EA2344-5-14;L-X,6,PZEA2344-16;482496.136;9528937.197;293;0.1;Area remediada; ;2025;420.8652904;3;464;;0007-4-2025-606;0.1
EA2344;AREA-EA2344-5;B15;AREA-EA2344-5-39;L-X,6,PZEA2344-17;482496.136;9528938.929;293;0.1;Area remediada; ;2025;420.8652904;3;43;;0007-4-2025-609;0.1
EA2344;AREA-EA2344-5;B15;AREA-EA2344-5-3;L-X,6,PZEA2344-18;482496.136;9528940.661;293;0.1;Area remediada; ;2025;420.8652904;3;37;;0007-4-2025-612;0.1
EA2344;AREA-EA2344-5;B15;AREA-EA2344-5-28;L-X,6,PZEA2344-19;482496.136;9528942.393;293;0.1;Area remediada; ;2025;420.8652904;3;183;;0007-4-2025-615;0.1
EA2344;AREA-EA2344-5;B15;AREA-EA2344-5-92;L-X,6,PZEA2344-20;482494.404;9528942.393;293;0.1;Area remediada; ;2025;420.8652904;3;157;;0007-4-2025-618;0.1
EA2344;AREA-EA2344-4;B12;AREA-EA2344-4-4;L-X,6,PZEA2344-21;482492.672;9528942.393;293;0.1;Area remediada; ;2025;24.34434554;3;519;;0007-4-2025-621;0.1
EA2344;AREA-EA2344-5;B15;AREA-EA2344-5-102;L-X,6,PZEA2344-22;482496.136;9528944.125;293;0.1;Area remediada; ;2025;420.8652904;3;62;;0007-4-2025-624;0.1
EA2344;AREA-EA2344-5;B15;AREA-EA2344-5-31;L-X,6,PZEA2344-23;482497.868;9528944.125;293;0.1;Area remediada; ;2025;420.8652904;3;248;;0007-4-2025-627;0.1
EA2344;AREA-EA2344-5;B15;AREA-EA2344-5-57;L-X,6,PZEA2344-24;482497.868;9528945.857;293;0.1;Area remediada; ;2025;420.8652904;3;616;;0007-4-2025-630;0.1
EA2344;AREA-EA2344-5;B15;AREA-EA2344-5-119;L-X,6,PZEA2344-25;482501.241;9528947.483;293;0.1;Area remediada; ;2025;420.8652904;3;987;;0007-4-2025-633;0.1
EA2344;AREA-EA2344-5;B15;AREA-EA2344-5-66;L-X,6,PZEA2344-26;482501.332;9528944.125;293;0.1;Area remediada; ;2025;420.8652904;3;577;;0007-4-2025-636;0.1
EA2344;AREA-EA2344-5;B15;AREA-EA2344-5-89;L-X,6,PZEA2344-27;482501.332;9528942.393;293;0.1;Area remediada; ;2025;420.8652904;3;1052;;0007-4-2025-639;0.1
EA2344;AREA-EA2344-5;B15;AREA-EA2344-5-98;L-X,6,PZEA2344-28;482499.6;9528942.393;293;0.1;Area remediada; ;2025;420.8652904;3;159;;0007-4-2025-642;0.1
EA2344;AREA-EA2344-5;B15;AREA-EA2344-5-54;L-X,6,PZEA2344-29;482501.332;9528935.465;293;0.1;Area remediada; ;2025;420.8652904;3;1128;;0007-4-2025-645;0.1
EA2344;AREA-EA2344-5;B15;AREA-EA2344-5-30;L-X,6,PZEA2344-30;482501.332;9528933.733;293;0.1;Area remediada; ;2025;420.8652904;3;1436;;0007-4-2025-648;0.1
EA2344;AREA-EA2344-5;B15;AREA-EA2344-5-115;L-X,6,PZEA2344-31;482503.064;9528933.733;293;0.1;Area remediada; ;2025;420.8652904;3;1890;;0007-4-2025-651;0.1
EA2344;AREA-EA2344-5;B15;AREA-EA2344-5-63;L-X,6,PZEA2344-32;482499.6;9528932;293;0.1;Area remediada; ;2025;420.8652904;3;609;;0007-4-2025-654;0.1
EA2344;AREA-EA2344-5;B15;AREA-EA2344-5-35;L-X,6,PZEA2344-33;482497.868;9528932;293;0.1;Area remediada; ;2025;420.8652904;3;0;;0007-4-2025-657;0.1
EA2344;AREA-EA2344-5;B15;AREA-EA2344-5-7;L-X,6,PZEA2344-34;482497.864;9528930.278;293;0.1;Area remediada; ;2025;420.8652904;3;801;;0007-4-2025-660;0.1
EA2344;AREA-EA2344-5;B15;AREA-EA2344-5-61;L-X,6,PZEA2344-35;482497.868;9528933.733;293;0.1;Area remediada; ;2025;420.8652904;3;533;;0007-4-2025-663;0.1
EA2344;AREA-EA2344-5;B15;AREA-EA2344-5-48;L-X,6,PZEA2344-36;482497.868;9528935.465;293;0.1;Area remediada; ;2025;420.8652904;3;107;;0007-4-2025-666;0.1
EA2344;AREA-EA2344-6;B1;AREA-EA2344-6-6;L-X,6,PZEA2344-37;482489.208;9528938.92;293;0.4;Area remediada; ;2025;23.79575865;3;394;;0007-4-2025-669;0.1
EA2344;AREA-EA2344-5;B15;AREA-EA2344-5-40;L-X,6,PZEA2344-38;482485.744;9528933.733;293;0.1;Area remediada; ;2025;420.8652904;3;323;;0007-4-2025-672;0.1
EA2344;AREA-EA2344-5;B15;AREA-EA2344-5-123;L-X,6,PZEA2344-39;482484.012;9528935.465;293;0.1;Area remediada; ;2025;420.8652904;3;145;;0007-4-2025-675;0.1
EA2344;AREA-EA2344-5;B15;AREA-EA2344-5-44;L-X,6,PZEA2344-40;482494.465;9528947.559;293;0.1;Area remediada; ;2025;420.8652904;3;0;;0007-4-2025-678;0.1
EA2344;AREA-EA2344-5;B15;AREA-EA2344-5-11;L-X,6,PZEA2344-41;482494.573;9528949.332;293;0.1;Area remediada; ;2025;420.8652904;3;104;;0007-4-2025-681;0.1
EA2344;AREA-EA2344-5;B15;AREA-EA2344-5-47;L-X,6,PZEA2344-42;482494.518;9528952.699;293;0.1;Area remediada; ;2025;420.8652904;3;0;;0007-4-2025-684;0.1
EA2344;AREA-EA2344-5;B15;AREA-EA2344-5-101;L-X,6,PZEA2344-43;482496.136;9528954.517;293;0.1;Area remediada; ;2025;420.8652904;3;36;;0007-4-2025-687;0.1
EA2344;AREA-EA2344-5;B15;AREA-EA2344-5-96;L-X,6,PZEA2344-44;482497.868;9528957.981;293;0.1;Area remediada; ;2025;420.8652904;3;287;;0007-4-2025-690;0.1
EA2344;AREA-EA2344-5;B15;AREA-EA2344-5-37;L-X,6,PZEA2344-45;482501.332;9528957.981;293;0.1;Area remediada; ;2025;420.8652904;3;18;;0007-4-2025-693;0.1
EA2344;AREA-EA2344-5;B15;AREA-EA2344-5-71;L-X,6,PZEA2344-46;482501.332;9528956.249;293;0.1;Area remediada; ;2025;420.8652904;3;1259;;0007-4-2025-696;0.1
EA2344;AREA-EA2344-5;B15;AREA-EA2344-5-25;L-X,6,PZEA2344-47;482501.322;9528952.795;293;0.1;Area remediada; ;2025;420.8652904;3;170;;0007-4-2025-699;0.1
EA2344;AREA-EA2344-5;B15;AREA-EA2344-5-32;L-X,6,PZEA2344-48;482497.868;9528951.053;293;0.1;Area remediada; ;2025;420.8652904;3;53;;0007-4-2025-702;0.1
EA2344;AREA-EA2344-5;B15;AREA-EA2344-5-99;L-X,6,PZEA2344-49;482492.645;9528959.657;293;0.1;Area remediada; ;2025;420.8652904;3;644;;0007-4-2025-705;0.1
EA9017;AREA-EA9017-8;D6;AREA-EA9017-8-5;L-X,6,PZEA9017-1;480436.727;9528760.527;291;0.2;Area remediada; ;2025;22.96238318;3;0;;0007-4-2025-708;0.2
EA9017;AREA-EA9017-8;D6;AREA-EA9017-8-1;L-X,6,PZEA9017-2;480438.447;9528758.811;291;0.2;Area remediada; ;2025;22.96238318;3;0;;0007-4-2025-711;0.2
EA9017;AREA-EA9017-8;D6;AREA-EA9017-8-4;L-X,6,PZEA9017-3;480440.146;9528758.978;291;0.2;Area remediada; ;2025;22.96238318;3;22;;0007-4-2025-714;0.2
EA9017;AREA-EA9017-3;D8;AREA-EA9017-3-1;L-X,6,PZEA9017-4;480441.924;9528760.527;291;0.2;Area remediada; ;2025;23.61890682;3;0;;0007-4-2025-717;0.2
EA9017;AREA-EA9017-8;D6;AREA-EA9017-8-7;L-X,6,PZEA9017-5;480440.135;9528762;291;0.2;Area remediada; ;2025;22.96238318;3;38;;0007-4-2025-720;0.2
EA9017;AREA-EA9017-7;B3;AREA-EA9017-7-1;L-X,6,PZEA9017-6;480506.176;9528561.552;291;0.2;Area remediada; ;2025;17.42486628;3;1040;;0007-4-2025-723;0.2
EA9017;AREA-EA9017-7;B3;AREA-EA9017-7-2;L-X,6,PZEA9017-7;480507.741;9528561.342;291;0.2;Area remediada; ;2025;17.42486628;3;1026;;0007-4-2025-726;0.2
EA9017;AREA-EA9017-7;B3;AREA-EA9017-7-3;L-X,6,PZEA9017-8;480507.741;9528563.074;291;0.15;Area remediada; ;2025;17.42486628;3;1885;;0007-4-2025-729;0.15
EA9017;AREA-EA9017-5;B4;AREA-EA9017-5-3;L-X,6,PZEA9017-9;480509.474;9528561.342;291;0.2;Area remediada; ;2025;12.06778358;3;1338;;0007-4-2025-732;0.2
EA2319;AREA-EA2319-6;L2;AREA-EA2319-6-2;L-X,6,PZEA2319-1;481997.3476;9529150.142;275;0.4;Area remediada; ;2025;10.94222946;3;25;;0007-4-2025-735;0.4
EA2319;AREA-EA2319-6;L2;AREA-EA2319-6-1;L-X,6,PZEA2319-2;481997.3593;9529148.599;275;0.4;Area remediada; ;2025;10.94222946;3;18;;0007-4-2025-738;0.4
EA2319;AREA-EA2319-5;A8;AREA-EA2319-5-16;L-X,6,PZEA2319-3;482120.5315;9529309.529;275;0.4;Area remediada; ;2025;128.706401;3;1758;;0007-4-2025-741;0.4
EA2319;AREA-EA2319-8;E6;AREA-EA2319-8-24;L-X,6,PZEA2319-4;482123.7451;9529314.784;275;0.4;Area remediada; ;2025;99.57471344;3;121;;0007-4-2025-744;0.4
EA2319;AREA-EA2319-8;E6;AREA-EA2319-8-15;L-X,6,PZEA2319-5;482125.3719;9529316.584;275;0.4;Area remediada; ;2025;99.57471344;3;17;;0007-4-2025-747;0.4
EA2319;AREA-EA2319-8;E6;AREA-EA2319-8-4;L-X,6,PZEA2319-6;482126.8822;9529320.024;275;0.4;Area remediada; ;2025;99.57471344;3;1423;;0007-4-2025-750;0.4
EA2319;AREA-EA2319-8;E6;AREA-EA2319-8-7;L-X,6,PZEA2319-7;482125.4771;9529321.712;275;0.4;Area remediada; ;2025;99.57471344;3;1286;;0007-4-2025-753;0.4
EA2319;AREA-EA2319-8;E6;AREA-EA2319-8-27;L-X,6,PZEA2319-8;482127.2061;9529323.447;275;0.4;Area remediada; ;2025;99.57471344;3;6661;;0007-4-2025-756;0.4
EA2319;AREA-EA2319-8;E6;AREA-EA2319-8-29;L-X,6,PZEA2319-9;482127.3689;9529326.757;275;0.4;Area remediada; ;2025;99.57471344;3;8595;;0007-4-2025-759;0.4
EA2319;AREA-EA2319-8;E6;AREA-EA2319-8-9;L-X,6,PZEA2319-10;482128.8425;9529326.944;275;0.4;Area remediada; ;2025;99.57471344;3;1637;;0007-4-2025-762;0.4
EA2319;AREA-EA2319-8;E6;AREA-EA2319-8-14;L-X,6,PZEA2319-11;482130.4025;9529330.41;275;0.4;Area remediada; ;2025;99.57471344;3;166;;0007-4-2025-765;0.4
EA2319;AREA-EA2319-8;E6;AREA-EA2319-8-13;L-X,6,PZEA2319-12;482130.6332;9529332.135;275;0.4;Area remediada; ;2025;99.57471344;3;110;;0007-4-2025-768;0.4
EA2319;AREA-EA2319-8;E6;AREA-EA2319-8-8;L-X,6,PZEA2319-13;482130.7847;9529333.769;275;0.4;Area remediada; ;2025;99.57471344;3;31;;0007-4-2025-771;0.4
EA2319;AREA-EA2319-8;E6;AREA-EA2319-8-3;L-X,6,PZEA2319-14;482132.4943;9529338.974;275;0.4;Area remediada; ;2025;99.57471344;3;1405;;0007-4-2025-774;0.4
EA10227;AREA-EA10227-2;B1;AREA-EA10227-2-1;L-X,6,PZEA10227-1;482535.9732;9529399.654;297;0.3;Area remediada; ;2025;15.10595123;3;1368;;0007-4-2025-777;0.3
EA10227;AREA-EA10227-2;B1;AREA-EA10227-2-2;L-X,6,PZEA10227-2;482535.9732;9529401.386;297;0.3;Area remediada; ;2025;15.10595123;3;9983;;0007-4-2025-780;0.3
EA10227;AREA-EA10227-3;D3;AREA-EA10227-3-3;L-X,6,PZEA10227-3;482553.2602;9529418.743;297;0.1;Area remediada; ;2025;22.44819349;3;1883;;0007-4-2025-783;0.1
EA1875;AREA-EA1875-43;AG1;AREA-EA1875-43-1;L-X,6,PZEA1875-1;482044.079;9529086.157;293;0.2;Area remediada; ;2025;12.03174016;3;2677;;0007-4-2025-786;0.2
EA1875;AREA-EA1875-4;AE3;AREA-EA1875-4-1;L-X,6,PZEA1875-2;482061.5;9529060.19;293;0.2;Area remediada; ;2025;37.03777438;3;2551;;0007-4-2025-789;0.2
EA1875;AREA-EA1875-4;AE3;AREA-EA1875-4-6;L-X,6,PZEA1875-3;482063.185;9529061.666;293;0.2;Area remediada; ;2025;37.03777438;3;11;;0007-4-2025-792;0.2
EA1875;AREA-EA1875-4;AE3;AREA-EA1875-4-5;L-X,6,PZEA1875-4;482064.855;9529059.713;293;0.2;Area remediada; ;2025;37.03777438;3;74;;0007-4-2025-795;0.2
EA1875;AREA-EA1875-4;AE3;AREA-EA1875-4-9;L-X,6,PZEA1875-5;482066.663;9529059.984;293;0.2;Area remediada; ;2025;37.03777438;3;3928;;0007-4-2025-798;0.2
EA1875;AREA-EA1875-4;AE3;AREA-EA1875-4-2;L-X,6,PZEA1875-6;482066.587;9529058.44;293;0.2;Area remediada; ;2025;37.03777438;3;1101;;0007-4-2025-801;0.2
EA1875;AREA-EA1875-4;AE3;AREA-EA1875-4-11;L-X,6,PZEA1875-7;482068.32;9529060.172;293;0.2;Area remediada; ;2025;37.03777438;3;1460;;0007-4-2025-804;0.2
EA1875;AREA-EA1875-27;B37;AREA-EA1875-27-26;L-X,6,PZEA1875-8;482220.74;9529018.603;293;0.4;Area remediada; ;2025;88.86038686;3;2797;;0007-4-2025-807;0.4
EA1875;AREA-EA1875-31;B34;AREA-EA1875-31-6;L-X,6,PZEA1875-9;482222.472;9529018.603;293;0.4;Area remediada; ;2025;29.92091512;3;3915;;0007-4-2025-810;0.4
EA1875;AREA-EA1875-31;B34;AREA-EA1875-31-8;L-X,6,PZEA1875-10;482222.472;9529016.871;293;0.4;Area remediada; ;2025;29.92091512;3;2089;;0007-4-2025-813;0.4
EA1875;AREA-EA1875-31;B34;AREA-EA1875-31-7;L-X,6,PZEA1875-11;482224.204;9529016.871;293;0.4;Area remediada; ;2025;29.92091512;3;271;;0007-4-2025-816;0.4
EA1875;AREA-EA1875-30;B28;AREA-EA1875-30-11;L-X,6,PZEA1875-12;482225.936;9529016.871;293;0.4;Area remediada; ;2025;51.97214084;3;95;;0007-4-2025-819;0.4
EA1875;AREA-EA1875-31;B34;AREA-EA1875-31-5;L-X,6,PZEA1875-13;482225.923;9529018.589;293;0.1;Area remediada; ;2025;29.92091512;3;3301;;0007-4-2025-822;0.1
EA1875;AREA-EA1875-14;S1;AREA-EA1875-14-1;L-X,6,PZEA1875-14;482227.668;9529060.172;293;0.1;Area remediada; ;2025;12.25190946;3;6129;;0007-4-2025-825;0.1
EA1875;AREA-EA1875-34;B26;AREA-EA1875-34-14;L-X,6,PZEA1875-15;482246.762;9529018.656;293;0.1;Area remediada; ;2025;41.19079298;3;34;;0007-4-2025-828;0.1
EA1875;AREA-EA1875-34;B26;AREA-EA1875-34-5;L-X,6,PZEA1875-16;482248.453;9529020.335;293;0.1;Area remediada; ;2025;41.19079298;3;82;;0007-4-2025-831;0.1
EA1875;AREA-EA1875-34;B26;AREA-EA1875-34-4;L-X,6,PZEA1875-17;482250.185;9529020.335;293;0.1;Area remediada; ;2025;41.19079298;3;36;;0007-4-2025-834;0.1
EA1875;AREA-EA1875-34;B26;AREA-EA1875-34-12;L-X,6,PZEA1875-18;482250.185;9529018.603;293;0.1;Area remediada; ;2025;41.19079298;3;57;;0007-4-2025-837;0.1
EA1875;AREA-EA1875-34;B26;AREA-EA1875-34-2;L-X,6,PZEA1875-19;482251.917;9529018.603;293;0.1;Area remediada; ;2025;41.19079298;3;15;;0007-4-2025-840;0.1
EA1875;AREA-EA1875-34;B26;AREA-EA1875-34-16;L-X,6,PZEA1875-20;482251.917;9529020.335;293;0.1;Area remediada; ;2025;41.19079298;3;6;;0007-4-2025-843;0.1
EA1875;AREA-EA1875-34;B26;AREA-EA1875-34-6;L-X,6,PZEA1875-21;482253.638;9529020.346;293;0.1;Area remediada; ;2025;41.19079298;3;9;;0007-4-2025-846;0.1
EA10134;AREA-EA10134-3;C2;AREA-EA10134-3-1;L-X,6,PZEA10134-1;482762.946;9529015.249;292;0.1;Area remediada; ;2025;23.87124586;3;37;;0007-4-2025-849;0.1
EA10134;AREA-EA10134-3;C2;AREA-EA10134-3-9;L-X,6,PZEA10134-2;482764.604;9529015.139;292;0.1;Area remediada; ;2025;23.87124586;3;544;;0007-4-2025-852;0.1
EA10134;AREA-EA10134-3;C2;AREA-EA10134-3-3;L-X,6,PZEA10134-3;482766.122;9529014.977;292;0.1;Area remediada; ;2025;23.87124586;3;64;;0007-4-2025-855;0.1
EA10134;AREA-EA10134-3;C2;AREA-EA10134-3-2;L-X,6,PZEA10134-4;482764.604;9529013.407;292;0.1;Area remediada; ;2025;23.87124586;3;1714;;0007-4-2025-858;0.1
EA10134;AREA-EA10134-3;C2;AREA-EA10134-3-7;L-X,6,PZEA10134-5;482764.503;9529016.772;292;0.1;Area remediada; ;2025;23.87124586;3;222;;0007-4-2025-861;0.1
EA10134;AREA-EA10134-4;B2;AREA-EA10134-4-5;L-X,6,PZEA10134-6;482762.885;9529030.716;292;0.4;Area remediada; ;2025;16.5114912;3;145;;0007-4-2025-864;0.4
EA10134;AREA-EA10134-5;B1;AREA-EA10134-5-1;L-X,6,PZEA10134-7;482764.606;9529030.742;292;0.4;Area remediada; ;2025;18.66822411;3;0;;0007-4-2025-867;0.4
EA10134;AREA-EA10134-5;B1;AREA-EA10134-5-2;L-X,6,PZEA10134-8;482766.172;9529030.881;292;0.4;Area remediada; ;2025;18.66822411;3;1308;;0007-4-2025-870;0.4
EA10134;AREA-EA10134-5;B1;AREA-EA10134-5-3;L-X,6,PZEA10134-9;482766.414;9529032.278;292;0.4;Area remediada; ;2025;18.66822411;3;264;;0007-4-2025-873;0.4
EA9797;AREA-EA9797-2;B3;AREA-EA9797-2-6;L-X,6,PZEA9797-1;483065.952;9528817.748;286;0.2;Area remediada; ;2025;33.47731154;3;125;;0007-4-2025-876;0.2
EA9797;AREA-EA9797-2;B3;AREA-EA9797-2-8;L-X,6,PZEA9797-2;483065.981;9528819.417;286;0.2;Area remediada; ;2025;33.47731154;3;447;;0007-4-2025-879;0.2
EA9797;AREA-EA9797-2;B3;AREA-EA9797-2-3;L-X,6,PZEA9797-3;483066.11;9528821.098;286;0.2;Area remediada; ;2025;33.47731154;3;104;;0007-4-2025-882;0.2
EA9797;AREA-EA9797-2;B3;AREA-EA9797-2-4;L-X,6,PZEA9797-4;483067.69;9528821.113;286;0.2;Area remediada; ;2025;33.47731154;3;2236;;0007-4-2025-885;0.2
EA9797;AREA-EA9797-2;B3;AREA-EA9797-2-5;L-X,6,PZEA9797-5;483069.403;9528820.946;286;0.2;Area remediada; ;2025;33.47731154;3;1125;;0007-4-2025-888;0.2
EA9797;AREA-EA9797-2;B3;AREA-EA9797-2-9;L-X,6,PZEA9797-6;483071.05;9528819.389;286;0.2;Area remediada; ;2025;33.47731154;3;6833;;0007-4-2025-891;0.2
EA9797;AREA-EA9797-1;B1;AREA-EA9797-1-3;L-X,6,PZEA9797-7;483071.115;9528817.676;286;0.3;Area remediada; ;2025;11.63981289;3;9083;;0007-4-2025-894;0.3
EA9797;AREA-EA9797-1;B1;AREA-EA9797-1-2;L-X,6,PZEA9797-8;483071.171;9528815.948;286;0.3;Area remediada; ;2025;11.63981289;3;359;;0007-4-2025-897;0.3
EA9797;AREA-EA9797-1;B1;AREA-EA9797-1-1;L-X,6,PZEA9797-9;483069.542;9528815.834;286;0.3;Area remediada; ;2025;11.63981289;3;60;;0007-4-2025-900;0.3
EA10523;AREA-EA10523-1;B4;AREA-EA10523-1-6;L-X,6,PZEA10523-1;483230.592;9529404.796;292;0.15;Area remediada; ;2025;76.44518765;3;191;;0008-4-2025-102;0.15
EA10523;AREA-EA10523-1;B4;AREA-EA10523-1-14;L-X,6,PZEA10523-2;483232.258;9529404.851;292;0.15;Area remediada; ;2025;76.44518765;3;15;;0008-4-2025-105;0.15
EA10523;AREA-EA10523-1;B4;AREA-EA10523-1-2;L-X,6,PZEA10523-3;483235.787;9529404.785;292;0.15;Area remediada; ;2025;76.44518765;3;2457;;0008-4-2025-108;0.15
EA10523;AREA-EA10523-1;B4;AREA-EA10523-1-1;L-X,6,PZEA10523-4;483235.722;9529403.118;292;0.15;Area remediada; ;2025;76.44518765;3;71;;0008-4-2025-111;0.15
EA10523;AREA-EA10523-1;B4;AREA-EA10523-1-12;L-X,6,PZEA10523-5;483233.99;9529401.386;292;0.15;Area remediada; ;2025;76.44518765;3;0;;0008-4-2025-114;0.15
EA10523;AREA-EA10523-1;B4;AREA-EA10523-1-16;L-X,6,PZEA10523-6;483235.722;9529399.654;292;0.15;Area remediada; ;2025;76.44518765;3;0;;0008-4-2025-117;0.15
EA10523;AREA-EA10523-1;B4;AREA-EA10523-1-13;L-X,6,PZEA10523-7;483237.454;9529399.654;292;0.15;Area remediada; ;2025;76.44518765;3;0;;0008-4-2025-120;0.15
EA10523;AREA-EA10523-1;B4;AREA-EA10523-1-20;L-X,6,PZEA10523-8;483237.454;9529401.386;292;0.15;Area remediada; ;2025;76.44518765;3;396;;0008-4-2025-123;0.15
EA10523;AREA-EA10523-1;B4;AREA-EA10523-1-19;L-X,6,PZEA10523-9;483239.191;9529397.927;292;0.15;Area remediada; ;2025;76.44518765;3;5;;0008-4-2025-126;0.15
EA9409;AREA-EA9409-4;B11;AREA-EA9409-4-16;L-X,6,PZEA9409-1;483001.895;9529200.468;295;0.1;Area remediada; ;2025;136.2761876;3;252;;0008-4-2025-129;0.1
EA9409;AREA-EA9409-7;B5;AREA-EA9409-7-1;L-X,6,PZEA9409-2;483002.034;9529202.101;295;0.1;Area remediada; ;2025;24.66011374;3;858;;0008-4-2025-132;0.1
EA9409;AREA-EA9409-7;B5;AREA-EA9409-7-5;L-X,6,PZEA9409-3;483003.627;9529202.201;295;0.1;Area remediada; ;2025;24.66011374;3;984;;0008-4-2025-135;0.1
EA9409;AREA-EA9409-7;B5;AREA-EA9409-7-2;L-X,6,PZEA9409-4;483005.359;9529202.201;295;0.1;Area remediada; ;2025;24.66011374;3;2083;;0008-4-2025-138;0.1
EA9409;AREA-EA9409-4;B11;AREA-EA9409-4-29;L-X,6,PZEA9409-5;483005.359;9529200.468;295;0.1;Area remediada; ;2025;136.2761876;3;597;;0008-4-2025-141;0.1
EA9409;AREA-EA9409-4;B11;AREA-EA9409-4-23;L-X,6,PZEA9409-6;483003.627;9529200.468;295;0.1;Area remediada; ;2025;136.2761876;3;976;;0008-4-2025-144;0.1
EA9409;AREA-EA9409-5;B6;AREA-EA9409-5-5;L-X,6,PZEA9409-7;483005.359;9529212.593;295;0.4;Area remediada; ;2025;28.48963788;3;13081;;0008-4-2025-147;0.4
EA9409;AREA-EA9409-9;C1;AREA-EA9409-9-1;L-X,6,PZEA9409-8;483005.439;9529214.275;295;0.4;Area remediada; ;2025;28.37608903;3;5237;;0008-4-2025-150;0.4
EA9409;AREA-EA9409-9;C1;AREA-EA9409-9-3;L-X,6,PZEA9409-9;483007.091;9529214.325;295;0.4;Area remediada; ;2025;28.37608903;3;2381;;0008-4-2025-153;0.4
EA9409;AREA-EA9409-9;C1;AREA-EA9409-9-2;L-X,6,PZEA9409-10;483008.605;9529212.712;295;0.4;Area remediada; ;2025;28.37608903;3;159;;0008-4-2025-156;0.4
EA2293;AREA-EA2293-2;B3;AREA-EA2293-2-5;L-X,6,PZEA2293-1;483057.389;9528971.889;291;0.4;Area remediada; ;2025;21.99531216;3;771;;0008-4-2025-159;0.4
EA2293;AREA-EA2293-2;B3;AREA-EA2293-2-2;L-X,6,PZEA2293-2;483059.019;9528973.619;291;0.4;Area remediada; ;2025;21.99531216;3;945;;0008-4-2025-162;0.4
EA2293;AREA-EA2293-2;B3;AREA-EA2293-2-1;L-X,6,PZEA2293-3;483059.007;9528975.27;291;0.4;Area remediada; ;2025;21.99531216;3;73;;0008-4-2025-165;0.4
EA2293;AREA-EA2293-2;B3;AREA-EA2293-2-3;L-X,6,PZEA2293-4;483057.39;9528977.081;291;0.4;Area remediada; ;2025;21.99531216;3;38;;0008-4-2025-168;0.4
EA2293;AREA-EA2293-3;C3;AREA-EA2293-3-3;L-X,6,PZEA2293-5;483067.698;9528997.793;291;0.2;Area remediada; ;2025;11.57415705;3;2709;;0008-4-2025-171;0.2
EA2293;AREA-EA2293-3;C3;AREA-EA2293-3-4;L-X,6,PZEA2293-6;483069.405;9528996.314;291;0.2;Area remediada; ;2025;11.57415705;3;2635;;0008-4-2025-174;0.2
EA1369;AREA-EA1369-6;B7;AREA-EA1369-6-3;L-X,6,PZEA1369-1;480601.275;9528944.106;285;0.15;Area remediada; ;2025;11.89733579;3;671;;0008-4-2025-177;0.15
EA1369;AREA-EA1369-6;B7;AREA-EA1369-6-1;L-X,6,PZEA1369-2;480601.449;9528942.585;285;0.15;Area remediada; ;2025;11.89733579;3;429;;0008-4-2025-180;0.15
EA1369;AREA-EA1369-6;B7;AREA-EA1369-6-2;L-X,6,PZEA1369-3;480602.91;9528942.475;285;0.15;Area remediada; ;2025;11.89733579;3;338;;0008-4-2025-183;0.15
EA1369;AREA-EA1369-1;D1;AREA-EA1369-1-5;L-X,6,PZEA1369-4;480620.325;9528944.125;285;0.1;Area remediada; ;2025;11.04098497;3;11;;0008-4-2025-186;0.1
EA1369;AREA-EA1369-1;D1;AREA-EA1369-1-4;L-X,6,PZEA1369-5;480620.347;9528942.423;285;0.1;Area remediada; ;2025;11.04098497;3;12;;0008-4-2025-189;0.1
EA1369;AREA-EA1369-2;D2;AREA-EA1369-2-3;L-X,6,PZEA1369-6;480622.057;9528942.393;285;0.1;Area remediada; ;2025;16.97350141;3;32;;0008-4-2025-192;0.1
EA1369;AREA-EA1369-2;D2;AREA-EA1369-2-4;L-X,6,PZEA1369-7;480623.566;9528942.421;285;0.1;Area remediada; ;2025;16.97350141;3;28;;0008-4-2025-195;0.1
EA2331;AREA-EA2331-3;P1;AREA-EA2331-3-2;L-X,6,PZEA2331-1;482239.793;9529671.586;295;0.25;Area remediada; ;2025;17.06015988;3;18;;0008-4-2025-198;0.25
EA2331;AREA-EA2331-3;P1;AREA-EA2331-3-1;L-X,6,PZEA2331-2;482239.802;9529673.266;295;0.25;Area remediada; ;2025;17.06015988;3;23;;0008-4-2025-201;0.25
EA2331;AREA-EA2331-14;B6;AREA-EA2331-14-7;L-X,6,PZEA2331-3;482276.166;9529533.022;295;0.4;Area remediada; ;2025;44.50129818;3;2220;;0008-4-2025-204;0.4
EA2331;AREA-EA2331-16;B9;AREA-EA2331-16-1;L-X,6,PZEA2331-4;482276.247;9529531.338;295;0.4;Area remediada; ;2025;24.84512951;3;597;;0008-4-2025-207;0.4
EA2331;AREA-EA2331-16;B9;AREA-EA2331-16-2;L-X,6,PZEA2331-5;482277.898;9529529.558;295;0.4;Area remediada; ;2025;24.84512951;3;500;;0008-4-2025-210;0.4
EA2331;AREA-EA2331-16;B9;AREA-EA2331-16-3;L-X,6,PZEA2331-6;482279.628;9529529.556;295;0.4;Area remediada; ;2025;24.84512951;3;91;;0008-4-2025-213;0.4
EA2331;AREA-EA2331-16;B9;AREA-EA2331-16-5;L-X,6,PZEA2331-7;482276.333;9529527.738;295;0.4;Area remediada; ;2025;24.84512951;3;342;;0008-4-2025-216;0.4
EA2331;AREA-EA2331-13;D1;AREA-EA2331-13-1;L-X,6,PZEA2331-8;482284.848;9529541.663;295;0.35;Area remediada; ;2025;12.87472465;3;4676;;0008-4-2025-219;0.35
EA2331;AREA-EA2331-13;D1;AREA-EA2331-13-2;L-X,6,PZEA2331-9;482284.868;9529540.208;295;0.35;Area remediada; ;2025;12.87472465;3;3132;;0008-4-2025-222;0.35
EA2331;AREA-EA2331-7;D3;AREA-EA2331-7-2;L-X,6,PZEA2331-10;482286.55;9529543.422;295;0.35;Area remediada; ;2025;39.73280837;3;1131;;0008-4-2025-225;0.35
MNF-MC05-ZA01;AREA-MNF-MC05-ZA01-4;R3;AREA-MNF-MC05-ZA01-4-1;L-X,6,MNF-MC05-ZA01-1;484222.948;9526127.955;266;0.15;Area remediada; ;2025;15.87408456;3;0;;0008-4-2025-228;0.15
MNF-MC05-ZA01;AREA-MNF-MC05-ZA01-10;AC3;AREA-MNF-MC05-ZA01-10-1;L-X,6,MNF-MC05-ZA01-2;484257.632;9526266.374;266;0.2;Area remediada; ;2025;15.63787575;3;0;;0008-4-2025-231;0.2
MNF-MC05-ZA01;AREA-MNF-MC05-ZA01-9;AC2;AREA-MNF-MC05-ZA01-9-4;L-X,6,MNF-MC05-ZA01-3;484257.77;9526264.709;266;0.2;Area remediada; ;2025;14.3367168;3;9664;;0008-4-2025-234;0.2
MNF-MC05-ZA01;AREA-MNF-MC05-ZA01-9;AC2;AREA-MNF-MC05-ZA01-9-5;L-X,6,MNF-MC05-ZA01-4;484259.364;9526264.642;266;0.2;Area remediada; ;2025;14.3367168;3;26690;;0008-4-2025-237;0.2
MNF-MC05-ZA01;AREA-MNF-MC05-ZA01-9;AC2;AREA-MNF-MC05-ZA01-9-3;L-X,6,MNF-MC05-ZA01-5;484261.088;9526264.65;266;0.2;Area remediada; ;2025;14.3367168;3;4460;;0008-4-2025-240;0.2
MNF-MC05-ZA01;AREA-MNF-MC05-ZA01-22;C6;AREA-MNF-MC05-ZA01-22-24;L-X,6,MNF-MC05-ZA01-6;484280.149;9526231.733;266;0.1;Area remediada; ;2025;98.29801012;3;544;;0008-4-2025-243;0.1
MNF-MC05-ZA01;AREA-MNF-MC05-ZA01-22;C6;AREA-MNF-MC05-ZA01-22-17;L-X,6,MNF-MC05-ZA01-7;484280.149;9526233.465;266;0.1;Area remediada; ;2025;98.29801012;3;10930;;0008-4-2025-246;0.1
MNF-MC05-ZA01;AREA-MNF-MC05-ZA01-22;C6;AREA-MNF-MC05-ZA01-22-15;L-X,6,MNF-MC05-ZA01-8;484281.881;9526233.465;266;0.1;Area remediada; ;2025;98.29801012;3;1275;;0008-4-2025-249;0.1
MNF-MC05-ZA01;AREA-MNF-MC05-ZA01-22;C6;AREA-MNF-MC05-ZA01-22-16;L-X,6,MNF-MC05-ZA01-9;484283.611;9526233.461;266;0.1;Area remediada; ;2025;98.29801012;3;1665;;0008-4-2025-252;0.1
MNF-MC05-ZA01;AREA-MNF-MC05-ZA01-22;C6;AREA-MNF-MC05-ZA01-22-21;L-X,6,MNF-MC05-ZA01-10;484285.345;9526233.465;266;0.1;Area remediada; ;2025;98.29801012;3;274;;0008-4-2025-255;0.1
MNF-MC05-ZA01;AREA-MNF-MC05-ZA01-22;C6;AREA-MNF-MC05-ZA01-22-6;L-X,6,MNF-MC05-ZA01-11;484285.355;9526235.188;266;0.1;Area remediada; ;2025;98.29801012;3;83;;0008-4-2025-258;0.1
MNF-MC05-ZA01;AREA-MNF-MC05-ZA01-22;C6;AREA-MNF-MC05-ZA01-22-8;L-X,6,MNF-MC05-ZA01-12;484295.73;9526233.457;266;0.1;Area remediada; ;2025;98.29801012;3;375;;0008-4-2025-261;0.1
MNF-MC05-ZA01;AREA-MNF-MC05-ZA01-22;C6;AREA-MNF-MC05-ZA01-22-19;L-X,6,MNF-MC05-ZA01-13;484300.932;9526231.706;266;0.1;Area remediada; ;2025;98.29801012;3;280;;0008-4-2025-264;0.1
MNF-MC05-ZA01;AREA-MNF-MC05-ZA01-22;C6;AREA-MNF-MC05-ZA01-22-2;L-X,6,MNF-MC05-ZA01-14;484302.648;9526230.02;266;0.1;Area remediada; ;2025;98.29801012;3;87;;0008-4-2025-267;0.1
MNF-MC05-ZA01;AREA-MNF-MC05-ZA01-33;H2;AREA-MNF-MC05-ZA01-33-6;L-X,6,MNF-MC05-ZA01-15;484302.624;9526171.166;266;0.1;Area remediada; ;2025;18.40158877;3;4457;;0008-4-2025-270;0.1
MNF-MC05-ZA01;AREA-MNF-MC05-ZA01-33;H2;AREA-MNF-MC05-ZA01-33-2;L-X,6,MNF-MC05-ZA01-16;484302.665;9526172.843;266;0.1;Area remediada; ;2025;18.40158877;3;60;;0008-4-2025-273;0.1
MNF-MC05-ZA01;AREA-MNF-MC05-ZA01-33;H2;AREA-MNF-MC05-ZA01-33-4;L-X,6,MNF-MC05-ZA01-17;484304.397;9526174.575;266;0.1;Area remediada; ;2025;18.40158877;3;56;;0008-4-2025-276;0.1
MNF-MC05-ZA01;AREA-MNF-MC05-ZA01-32;H1;AREA-MNF-MC05-ZA01-32-1;L-X,6,MNF-MC05-ZA01-18;484304.286;9526176.206;266;0.1;Area remediada; ;2025;12.02578711;3;189;;0008-4-2025-279;0.1
EA9536;AREA-EA9536-1;D2;AREA-EA9536-1-2;L-X,6,PZEA9536-1;484046.344;9526420.801;273;0.15;Area remediada; ;2025;26.85660457;3;36;;0008-4-2025-282;0.15
EA9536;AREA-EA9536-1;D2;AREA-EA9536-1-1;L-X,6,PZEA9536-2;484048.072;9526420.71;273;0.15;Area remediada; ;2025;26.85660457;3;41;;0008-4-2025-285;0.15
EA9536;AREA-EA9536-1;D2;AREA-EA9536-1-3;L-X,6,PZEA9536-3;484037.675;9526422.006;273;0.15;Area remediada; ;2025;26.85660457;3;22;;0008-4-2025-288;0.15
EA9844;AREA-EA9844-1;D3;AREA-EA9844-1-3;L-X,6,PZEA9844-1;484082.763;9526257.931;267;0.3;Area remediada; ;2025;16.34342778;3;8;;0008-4-2025-291;0.3
EA9844;AREA-EA9844-1;D3;AREA-EA9844-1-1;L-X,6,PZEA9844-2;484082.826;9526259.248;267;0.3;Area remediada; ;2025;16.34342778;3;583;;0008-4-2025-294;0.3
EA9844;AREA-EA9844-1;D3;AREA-EA9844-1-2;L-X,6,PZEA9844-3;484084.373;9526259.497;267;0.3;Area remediada; ;2025;16.34342778;3;44;;0008-4-2025-297;0.3
EA9534;AREA-EA9534-1;E3;AREA-EA9534-1-1;L-X,6,PZEA9534-1;484443.006;9526432.658;269;0.1;Area remediada; ;2025;12.69434748;3;396;;0008-4-2025-300;0.1
EA9534;AREA-EA9534-1;E3;AREA-EA9534-1-2;L-X,6,PZEA9534-2;484443.134;9526431;269;0.1;Area remediada; ;2025;12.69434748;3;1494;;0008-4-2025-303;0.1
EA9534;AREA-EA9534-3;B6;AREA-EA9534-3-5;L-X,6,PZEA9534-3;484455.086;9526443.043;269;0.1;Area remediada; ;2025;38.72466501;3;302;;0008-4-2025-306;0.1
MNF-MC9H-ZA01;AREA-MNF-MC9H-ZA01-9;A11;AREA-MNF-MC9H-ZA01-9-4;L-X,6,MNF-MC9H-ZA01-1;483149.1;9528925.044;281;0.3;Area remediada; ;2025;43.06339062;3;5656;;0008-4-2025-309;0.3
MNF-MC9H-ZA01;AREA-MNF-MC9H-ZA01-9;A11;AREA-MNF-MC9H-ZA01-9-3;L-X,6,MNF-MC9H-ZA01-2;483150.854;9528926.807;281;0.3;Area remediada; ;2025;43.06339062;3;35693;;0008-4-2025-312;0.3
MNF-MC9H-ZA01;AREA-MNF-MC9H-ZA01-9;A11;AREA-MNF-MC9H-ZA01-9-1;L-X,6,MNF-MC9H-ZA01-3;483152.58;9528928.533;281;0.3;Area remediada; ;2025;43.06339062;3;71;;0008-4-2025-315;0.3
MNF-MC9H-ZA01;AREA-MNF-MC9H-ZA01-3;A3;AREA-MNF-MC9H-ZA01-3-6;L-X,6,MNF-MC9H-ZA01-4;483154.311;9528923.343;281;0.3;Area remediada; ;2025;16.33917311;3;3430;;0008-4-2025-318;0.3
MNF-MC9H-ZA01;AREA-MNF-MC9H-ZA01-6;B1;AREA-MNF-MC9H-ZA01-6-5;L-X,6,MNF-MC9H-ZA01-5;483157.936;9528930.452;281;0.3;Area remediada; ;2025;14.15199924;3;18602;;0008-4-2025-321;0.3
MNF-MC9H-ZA01;AREA-MNF-MC9H-ZA01-6;B1;AREA-MNF-MC9H-ZA01-6-1;L-X,6,MNF-MC9H-ZA01-6;483157.904;9528931.895;281;0.3;Area remediada; ;2025;14.15199924;3;15157;;0008-4-2025-324;0.3
MNF-MC9H-ZA01;AREA-MNF-MC9H-ZA01-6;B1;AREA-MNF-MC9H-ZA01-6-2;L-X,6,MNF-MC9H-ZA01-7;483159.512;9528932;281;0.3;Area remediada; ;2025;14.15199924;3;10744;;0008-4-2025-327;0.3
MNF-MC9H-ZA01;AREA-MNF-MC9H-ZA01-6;B1;AREA-MNF-MC9H-ZA01-6-4;L-X,6,MNF-MC9H-ZA01-8;483161.24;9528931.997;281;0.3;Area remediada; ;2025;14.15199924;3;8060;;0008-4-2025-330;0.3
EA10226;AREA-EA10226-2;A3;AREA-EA10226-2-2;L-X,6,PZEA10226-1;482858.136;9529564.201;297;0.1;Area remediada; ;2025;21.3147665;3;42;;0008-4-2025-333;0.1
EA10226;AREA-EA10226-2;A3;AREA-EA10226-2-1;L-X,6,PZEA10226-2;482859.792;9529562.41;297;0.1;Area remediada; ;2025;21.3147665;3;5142;;0008-4-2025-336;0.1
EA10226;AREA-EA10226-2;A3;AREA-EA10226-2-3;L-X,6,PZEA10226-3;482863.316;9529562.424;297;0.1;Area remediada; ;2025;21.3147665;3;9109;;0008-4-2025-339;0.1
EA2292;AREA-EA2292-1;F4;AREA-EA2292-1-8;L-X,6,PZEA2292-1;483197.609;9529560.487;295;0.1;Area remediada; ;2025;63.47184471;3;2838;;0008-4-2025-342;0.1
EA2292;AREA-EA2292-1;F4;AREA-EA2292-1-7;L-X,6,PZEA2292-2;483197.617;9529559.003;295;0.1;Area remediada; ;2025;63.47184471;3;2080;;0008-4-2025-345;0.1
EA2292;AREA-EA2292-1;F4;AREA-EA2292-1-5;L-X,6,PZEA2292-3;483201.081;9529559.003;295;0.1;Area remediada; ;2025;63.47184471;3;11731;;0008-4-2025-348;0.1
EA2292;AREA-EA2292-1;F4;AREA-EA2292-1-3;L-X,6,PZEA2292-4;483202.564;9529553.775;295;0.1;Area remediada; ;2025;63.47184471;3;2000;;0008-4-2025-351;0.1
EA2292;AREA-EA2292-1;F4;AREA-EA2292-1-6;L-X,6,PZEA2292-5;483202.721;9529552.044;295;0.1;Area remediada; ;2025;63.47184471;3;2558;;0008-4-2025-354;0.1
EA2292;AREA-EA2292-1;F4;AREA-EA2292-1-1;L-X,6,PZEA2292-6;483202.909;9529550.397;295;0.1;Area remediada; ;2025;63.47184471;3;3976;;0008-4-2025-357;0.1
EA2292;AREA-EA2292-3;E1;AREA-EA2292-3-1;L-X,6,PZEA2292-7;483215.011;9529519.204;295;0.1;Area remediada; ;2025;14.63718972;3;153;;0008-4-2025-360;0.1
EA2292;AREA-EA2292-3;E1;AREA-EA2292-3-2;L-X,6,PZEA2292-8;483216.449;9529517.375;295;0.1;Area remediada; ;2025;14.63718972;3;52;;0008-4-2025-363;0.1
EA2292;AREA-EA2292-3;E1;AREA-EA2292-3-3;L-X,6,PZEA2292-9;483216.647;9529515.693;295;0.1;Area remediada; ;2025;14.63718972;3;2809;;0008-4-2025-366;0.1
EA10224;AREA-EA10224-2;F2;AREA-EA10224-2-1;L-X,6,PZEA10224-1;483083.221;9529586.762;300;0.1;Area remediada; ;2025;14.89423219;3;4045;;0008-4-2025-369;0.1
EA10224;AREA-EA10224-2;F2;AREA-EA10224-2-2;L-X,6,PZEA10224-2;483086.814;9529590.134;300;0.1;Area remediada; ;2025;14.89423219;3;144;;0008-4-2025-372;0.1
EA10224;AREA-EA10224-3;B3;AREA-EA10224-3-13;L-X,6,PZEA10224-3;483109.282;9529595.376;300;0.4;Area remediada; ;2025;68.81788637;3;1020;;0008-4-2025-375;0.1
EA1186;AREA-EA1186-20;C1;AREA-EA1186-20-1;L-X,6,PZEA1186-1;484422.39;9526280.159;265;0.1;Area remediada; ;2025;11.97335358;3;97;;0008-4-2025-378;0.1
EA1186;AREA-EA1186-20;C1;AREA-EA1186-20-2;L-X,6,PZEA1186-2;484424.001;9526278.675;265;0.1;Area remediada; ;2025;11.97335358;3;582;;0008-4-2025-381;0.1
EA1186;AREA-EA1186-14;D1;AREA-EA1186-14-2;L-X,6,PZEA1186-3;484437.848;9526278.388;265;0.2;Area remediada; ;2025;20.05000669;3;4186;;0008-4-2025-384;0.2
EA1186;AREA-EA1186-5;D3;AREA-EA1186-5-3;L-X,6,PZEA1186-4;484439.497;9526278.498;265;0.2;Area remediada; ;2025;45.85845273;3;16;;0008-4-2025-387;0.2
EA1186;AREA-EA1186-14;D1;AREA-EA1186-14-1;L-X,6,PZEA1186-5;484439.386;9526276.937;265;0.2;Area remediada; ;2025;20.05000669;3;12;;0008-4-2025-390;0.2
EA1186;AREA-EA1186-7;D9;AREA-EA1186-7-32;L-X,6,PZEA1186-6;484463.814;9526295.613;265;0.3;Area remediada; ;2025;132.5133799;3;41567;;0008-4-2025-393;0.3
EA1186;AREA-EA1186-7;D9;AREA-EA1186-7-28;L-X,6,PZEA1186-7;484465.479;9526295.818;265;0.3;Area remediada; ;2025;132.5133799;3;49362;;0008-4-2025-396;0.3
EA1186;AREA-EA1186-7;D9;AREA-EA1186-7-14;L-X,6,PZEA1186-8;484465.651;9526297.391;265;0.3;Area remediada; ;2025;132.5133799;3;2931;;0008-4-2025-399;0.3
EA1186;AREA-EA1186-7;D9;AREA-EA1186-7-6;L-X,6,PZEA1186-9;484468.942;9526297.551;265;0.3;Area remediada; ;2025;132.5133799;3;241;;0008-4-2025-402;0.3
EA1186;AREA-EA1186-7;D9;AREA-EA1186-7-30;L-X,6,PZEA1186-10;484468.942;9526295.819;265;0.3;Area remediada; ;2025;132.5133799;3;6025;;0008-4-2025-405;0.3
EA1186;AREA-EA1186-7;D9;AREA-EA1186-7-26;L-X,6,PZEA1186-11;484467.21;9526294.087;265;0.3;Area remediada; ;2025;132.5133799;3;17365;;0008-4-2025-408;0.3
EA1186;AREA-EA1186-7;D9;AREA-EA1186-7-29;L-X,6,PZEA1186-12;484465.478;9526294.087;265;0.3;Area remediada; ;2025;132.5133799;3;52351;;0008-4-2025-411;0.3
EA1186;AREA-EA1186-7;D9;AREA-EA1186-7-1;L-X,6,PZEA1186-13;484468.942;9526292.355;265;0.3;Area remediada; ;2025;132.5133799;3;343;;0008-4-2025-414;0.3
EA1186;AREA-EA1186-7;D9;AREA-EA1186-7-12;L-X,6,PZEA1186-14;484468.942;9526290.623;265;0.3;Area remediada; ;2025;132.5133799;3;1575;;0008-4-2025-417;0.3
EA1186;AREA-EA1186-7;D9;AREA-EA1186-7-10;L-X,6,PZEA1186-16;484467.216;9526285.439;265;0.3;Area remediada; ;2025;132.5133799;3;2173;;0008-4-2025-420;0.3
EA1186;AREA-EA1186-7;D9;AREA-EA1186-7-33;L-X,6,PZEA1186-17;484475.87;9526292.355;265;0.3;Area remediada; ;2025;132.5133799;3;223;;0008-4-2025-423;0.3
EA1185;AREA-EA1185-3;B6;AREA-EA1185-3-16;L-X,6,PZEA1185-1;483899.097;9526417.063;277;0.1;Area remediada; ;2025;36.51838589;3;287;;0008-4-2025-426;0.1
EA1185;AREA-EA1185-3;B6;AREA-EA1185-3-7;L-X,6,PZEA1185-2;483900.829;9526417.063;277;0.1;Area remediada; ;2025;36.51838589;3;1605;;0008-4-2025-429;0.1
EA1185;AREA-EA1185-3;B6;AREA-EA1185-3-10;L-X,6,PZEA1185-3;483902.546;9526418.81;277;0.1;Area remediada; ;2025;36.51838589;3;1851;;0008-4-2025-432;0.1
EA1185;AREA-EA1185-3;B6;AREA-EA1185-3-15;L-X,6,PZEA1185-4;483904.218;9526420.594;277;0.1;Area remediada; ;2025;36.51838589;3;1329;;0008-4-2025-435;0.1
EA1185;AREA-EA1185-3;B6;AREA-EA1185-3-1;L-X,6,PZEA1185-5;483904.293;9526422.258;277;0.1;Area remediada; ;2025;36.51838589;3;4491;;0008-4-2025-438;0.1
EA1185;AREA-EA1185-3;B6;AREA-EA1185-3-11;L-X,6,PZEA1185-6;483899.097;9526418.795;277;0.1;Area remediada; ;2025;36.51838589;3;203;;0008-4-2025-441;0.1
EA1185;AREA-EA1185-8;H2;AREA-EA1185-8-1;L-X,6,PZEA1185-7;483935.485;9526401.488;277;0.1;Area remediada; ;2025;35.11673761;3;0;;0008-4-2025-444;0.1
EA1185;AREA-EA1185-8;H2;AREA-EA1185-8-3;L-X,6,PZEA1185-8;483937.155;9526401.431;277;0.1;Area remediada; ;2025;35.11673761;3;0;;0008-4-2025-447;0.1
EA1185;AREA-EA1185-8;H2;AREA-EA1185-8-2;L-X,6,PZEA1185-9;483937.202;9526399.742;277;0.1;Area remediada; ;2025;35.11673761;3;14;;0008-4-2025-450;0.1
EA1185;AREA-EA1185-8;H2;AREA-EA1185-8-4;L-X,6,PZEA1185-10;483937.37;9526398.172;277;0.1;Area remediada; ;2025;35.11673761;3;0;;0008-4-2025-453;0.1
EA9302;AREA-EA9302-11;B6;AREA-EA9302-11-1;L-X,6,PZEA9302-1;484075.915;9526663.002;278;0.1;Area remediada; ;2025;36.42244624;3;966;;0008-4-2025-456;0.1
EA9302;AREA-EA9302-11;B6;AREA-EA9302-11-7;L-X,6,PZEA9302-2;484077.499;9526663.014;278;0.1;Area remediada; ;2025;36.42244624;3;823;;0008-4-2025-459;0.1
EA9302;AREA-EA9302-11;B6;AREA-EA9302-11-5;L-X,6,PZEA9302-3;484077.499;9526661.282;278;0.1;Area remediada; ;2025;36.42244624;3;21620;;0008-4-2025-462;0.1
EA9302;AREA-EA9302-11;B6;AREA-EA9302-11-2;L-X,6,PZEA9302-4;484077.499;9526664.746;278;0.1;Area remediada; ;2025;36.42244624;3;4535;;0008-4-2025-465;0.1
EA9302;AREA-EA9302-11;B6;AREA-EA9302-11-4;L-X,6,PZEA9302-5;484077.499;9526666.478;278;0.1;Area remediada; ;2025;36.42244624;3;90;;0008-4-2025-468;0.1
EA9302;AREA-EA9302-1;A6;AREA-EA9302-1-3;L-X,6,PZEA9302-6;484082.695;9526617.98;278;0.15;Area remediada; ;2025;23.41672704;3;206;;0008-4-2025-471;0.15
EA9302;AREA-EA9302-1;A6;AREA-EA9302-1-2;L-X,6,PZEA9302-7;484084.502;9526616.379;278;0.15;Area remediada; ;2025;23.41672704;3;94;;0008-4-2025-474;0.15
EA9302;AREA-EA9302-1;A6;AREA-EA9302-1-1;L-X,6,PZEA9302-8;484086.159;9526616.248;278;0.15;Area remediada; ;2025;23.41672704;3;77;;0008-4-2025-477;0.15
EA9302;AREA-EA9302-1;A6;AREA-EA9302-1-5;L-X,6,PZEA9302-9;484084.424;9526619.71;278;0.15;Area remediada; ;2025;23.41672704;3;100;;0008-4-2025-480;0.15
EA9573;AREA-EA9573-2;F1;AREA-EA9573-2-3;L-X,6,PZEA9573-1;483724.242;9526463.765;266;0.4;Area remediada; ;2025;23.08158906;3;2648;;0008-4-2025-483;0.4
EA9573;AREA-EA9573-2;F1;AREA-EA9573-2-4;L-X,6,PZEA9573-2;483725.892;9526462.096;266;0.4;Area remediada; ;2025;23.08158906;3;965;;0008-4-2025-486;0.4
EA9573;AREA-EA9573-2;F1;AREA-EA9573-2-2;L-X,6,PZEA9573-3;483727.489;9526461.98;266;0.4;Area remediada; ;2025;23.08158906;3;1558;;0008-4-2025-489;0.4
EA9573;AREA-EA9573-2;F1;AREA-EA9573-2-1;L-X,6,PZEA9573-4;483727.413;9526460.487;266;0.4;Area remediada; ;2025;23.08158906;3;3106;;0008-4-2025-492;0.4
EA9573;AREA-EA9573-10;B3;AREA-EA9573-10-2;L-X,6,PZEA9573-5;483732.821;9526474.22;266;0.15;Area remediada; ;2025;13.55228727;3;69;;0008-4-2025-495;0.15
EA9573;AREA-EA9573-10;B3;AREA-EA9573-10-1;L-X,6,PZEA9573-6;483732.875;9526475.947;266;0.15;Area remediada; ;2025;13.55228727;3;325;;0008-4-2025-498;0.15
EA9573;AREA-EA9573-10;B3;AREA-EA9573-10-3;L-X,6,PZEA9573-7;483734.553;9526474.22;266;0.15;Area remediada; ;2025;13.55228727;3;307;;0008-4-2025-501;0.15
EA1951;AREA-EA1951-3;F2;AREA-EA1951-3-6;L-X,6,PZEA1951-1;483618.505;9526676.87;266;0.15;Area remediada; ;2025;28.42409203;3;2042;;0008-4-2025-504;0.15
EA1951;AREA-EA1951-4;F1;AREA-EA1951-4-2;L-X,6,PZEA1951-2;483620.237;9526678.602;266;0.15;Area remediada; ;2025;22.31870379;3;3293;;0008-4-2025-507;0.15
EA1951;AREA-EA1951-4;F1;AREA-EA1951-4-1;L-X,6,PZEA1951-3;483621.931;9526678.564;266;0.15;Area remediada; ;2025;22.31870379;3;2853;;0008-4-2025-510;0.15
EA1951;AREA-EA1951-9;B11;AREA-EA1951-9-16;L-X,6,PZEA1951-4R;483653.146;9526663.014;266;0.3;Area remediada; ;2025;63.38064533;3;877;;0008-4-2025-513;0.3
EA1951;AREA-EA1951-8;B3;AREA-EA1951-8-7;L-X,6,PZEA1951-5R;483654.878;9526659.549;266;0.3;Area remediada; ;2025;59.34536486;3;5816;;0008-4-2025-516;0.3
EA1951;AREA-EA1951-11;B8;AREA-EA1951-11-2;L-X,6,PZEA1951-6R;483658.342;9526666.477;266;0.3;Area remediada; ;2025;64.77692021;3;47;;0008-4-2025-519;0.3
EA1951;AREA-EA1951-1;B5;AREA-EA1951-1-4;L-X,6,PZEA1951-7R;483665.284;9526666.494;266;0.3;Area remediada; ;2025;14.52669211;3;341;;0008-4-2025-522;0.3
EA9548;AREA-EA9548-5;F3;AREA-EA9548-5-17;L-X,6,PZEA9548-1;483762.21;9526250.88;272;0.3;Area remediada; ;2025;47.92082147;3;77;;0008-4-2025-525;0.3
EA9548;AREA-EA9548-5;F3;AREA-EA9548-5-19;L-X,6,PZEA9548-2;483763.997;9526254.25;272;0.3;Area remediada; ;2025;47.92082147;3;154;;0008-4-2025-528;0.3
EA9548;AREA-EA9548-5;F3;AREA-EA9548-5-8;L-X,6,PZEA9548-3;483763.997;9526255.982;272;0.3;Area remediada; ;2025;47.92082147;3;0;;0008-4-2025-531;0.3
EA9548;AREA-EA9548-5;F3;AREA-EA9548-5-9;L-X,6,PZEA9548-4;483762.362;9526255.86;272;0.3;Area remediada; ;2025;47.92082147;3;398;;0008-4-2025-534;0.3
EA9548;AREA-EA9548-5;F3;AREA-EA9548-5-3;L-X,6,PZEA9548-5;483767.462;9526255.982;272;0.3;Area remediada; ;2025;47.92082147;3;147;;0008-4-2025-537;0.3
EA9548;AREA-EA9548-5;F3;AREA-EA9548-5-16;L-X,6,PZEA9548-6;483769.194;9526255.982;272;0.3;Area remediada; ;2025;47.92082147;3;5;;0008-4-2025-540;0.3
EA9548;AREA-EA9548-5;F3;AREA-EA9548-5-2;L-X,6,PZEA9548-7;483770.926;9526255.982;272;0.3;Area remediada; ;2025;47.92082147;3;0;;0008-4-2025-543;0.3
EA9548;AREA-EA9548-5;F3;AREA-EA9548-5-1;L-X,6,PZEA9548-8;483770.926;9526254.25;272;0.3;Area remediada; ;2025;47.92082147;3;0;;0008-4-2025-546;0.3
EA9548;AREA-EA9548-8;B13;AREA-EA9548-8-17;L-X,6,PZEA9548-9;483786.514;9526264.642;272;0.1;Area remediada; ;2025;36.91150064;3;582;;0008-4-2025-549;0.1
EA9548;AREA-EA9548-15;B11;AREA-EA9548-15-4;L-X,6,PZEA9548-10;483786.526;9526266.355;272;0.1;Area remediada; ;2025;34.77664542;3;819;;0008-4-2025-552;0.1
EA9548;AREA-EA9548-15;B11;AREA-EA9548-15-3;L-X,6,PZEA9548-11;483788.246;9526264.642;272;0.1;Area remediada; ;2025;34.77664542;3;3375;;0008-4-2025-555;0.1
EA9548;AREA-EA9548-15;B11;AREA-EA9548-15-5;L-X,6,PZEA9548-12;483789.978;9526264.642;272;0.1;Area remediada; ;2025;34.77664542;3;2917;;0008-4-2025-558;0.1
EA9548;AREA-EA9548-15;B11;AREA-EA9548-15-1;L-X,6,PZEA9548-13;483791.71;9526264.642;272;0.1;Area remediada; ;2025;34.77664542;3;967;;0008-4-2025-561;0.1
EA9548;AREA-EA9548-15;B11;AREA-EA9548-15-6;L-X,6,PZEA9548-14;483791.71;9526262.91;272;0.1;Area remediada; ;2025;34.77664542;3;2396;;0008-4-2025-564;0.1
EA9527;AREA-EA9527-12;D1;AREA-EA9527-12-4;L-X,6,PZEA9527-1;484172.979;9526032.398;268;0.2;Area remediada; ;2025;11.60937594;3;577;;0008-4-2025-567;0.2
EA9527;AREA-EA9527-12;D1;AREA-EA9527-12-2;L-X,6,PZEA9527-2;484174.493;9526032.547;268;0.2;Area remediada; ;2025;11.60937594;3;0;;0008-4-2025-570;0.2
EA9527;AREA-EA9527-12;D1;AREA-EA9527-12-5;L-X,6,PZEA9527-3;484176.225;9526032.547;268;0.2;Area remediada; ;2025;11.60937594;3;0;;0008-4-2025-573;0.2
EA9527;AREA-EA9527-2;A12;AREA-EA9527-2-2;L-X,6,PZEA9527-4;484186.641;9526034.364;268;0.4;Area remediada; ;2025;14.93284949;3;0;;0008-4-2025-576;0.4
EA9527;AREA-EA9527-3;A11;AREA-EA9527-3-5;L-X,6,PZEA9527-5;484186.67;9526035.935;268;0.4;Area remediada; ;2025;49.09182602;3;0;;0008-4-2025-579;0.4
EA9527;AREA-EA9527-3;A11;AREA-EA9527-3-7;L-X,6,PZEA9527-6;484188.35;9526036.011;268;0.4;Area remediada; ;2025;49.09182602;3;9946;;0008-4-2025-582;0.4
EA9527;AREA-EA9527-3;A11;AREA-EA9527-3-17;L-X,6,PZEA9527-7;484188.34;9526034.292;268;0.4;Area remediada; ;2025;49.09182602;3;584;;0008-4-2025-585;0.4
EA9527;AREA-EA9527-3;A11;AREA-EA9527-3-3;L-X,6,PZEA9527-8;484190.082;9526036.011;268;0.4;Area remediada; ;2025;49.09182602;3;4616;;0008-4-2025-588;0.4
EA9527;AREA-EA9527-3;A11;AREA-EA9527-3-6;L-X,6,PZEA9527-9;484190.082;9526037.743;268;0.4;Area remediada; ;2025;49.09182602;3;3440;;0008-4-2025-591;0.4
EA9527;AREA-EA9527-3;A11;AREA-EA9527-3-1;L-X,6,PZEA9527-10;484195.303;9526039.331;268;0.4;Area remediada; ;2025;49.09182602;3;286;;0008-4-2025-594;0.4
EA9527;AREA-EA9527-3;A11;AREA-EA9527-3-12;L-X,6,PZEA9527-11;484195.278;9526036.011;268;0.4;Area remediada; ;2025;49.09182602;3;9955;;0008-4-2025-597;0.4
EA9838;AREA-EA9838-3;C2;AREA-EA9838-3-2;L-X,6,PZEA9838-1;483819.36;9526094.958;271;0.1;Area remediada; ;2025;17.92009376;3;0;;0008-4-2025-600;0.1
EA9838;AREA-EA9838-3;C2;AREA-EA9838-3-1;L-X,6,PZEA9838-2;483819.493;9526098.114;271;0.1;Area remediada; ;2025;17.92009376;3;13;;0008-4-2025-603;0.1
EA9838;AREA-EA9838-2;E5;AREA-EA9838-2-1;L-X,6,PZEA9838-3;483840.21;9526087.976;271;0.1;Area remediada; ;2025;64.20152002;3;472;;0008-4-2025-606;0.1
EA9558;AREA-EA9558-8;B12;AREA-EA9558-8-3;L-X,6,PZEA9558-1;484337.306;9526112.221;255;0.25;Area remediada; ;2025;62.29435005;3;14;;0008-4-2025-609;0.25
EA9558;AREA-EA9558-8;B12;AREA-EA9558-8-5;L-X,6,PZEA9558-2;484337.311;9526110.495;255;0.25;Area remediada; ;2025;62.29435005;3;0;;0008-4-2025-612;0.25
EA9558;AREA-EA9558-8;B12;AREA-EA9558-8-18;L-X,6,PZEA9558-3;484337.306;9526113.954;255;0.25;Area remediada; ;2025;62.29435005;3;44;;0008-4-2025-615;0.25
EA9558;AREA-EA9558-8;B12;AREA-EA9558-8-10;L-X,6,PZEA9558-4;484340.77;9526112.221;255;0.25;Area remediada; ;2025;62.29435005;3;44;;0008-4-2025-618;0.25
EA9558;AREA-EA9558-8;B12;AREA-EA9558-8-19;L-X,6,PZEA9558-5;484340.77;9526110.489;255;0.25;Area remediada; ;2025;62.29435005;3;0;;0008-4-2025-621;0.25
EA9558;AREA-EA9558-8;B12;AREA-EA9558-8-6;L-X,6,PZEA9558-6;484344.235;9526112.221;255;0.25;Area remediada; ;2025;62.29435005;3;928;;0008-4-2025-624;0.25
EA9558;AREA-EA9558-8;B12;AREA-EA9558-8-22;L-X,6,PZEA9558-7;484344.235;9526113.954;255;0.25;Area remediada; ;2025;62.29435005;3;243;;0008-4-2025-627;0.25
EA9558;AREA-EA9558-8;B12;AREA-EA9558-8-7;L-X,6,PZEA9558-8;484344.235;9526115.686;255;0.25;Area remediada; ;2025;62.29435005;3;98;;0008-4-2025-630;0.25
EA9558;AREA-EA9558-8;B12;AREA-EA9558-8-17;L-X,6,PZEA9558-9;484342.546;9526115.625;255;0.25;Area remediada; ;2025;62.29435005;3;40;;0008-4-2025-633;0.25
EA9558;AREA-EA9558-3;B5;AREA-EA9558-3-3;L-X,6,PZEA9558-10;484347.699;9526124.346;255;0.3;Area remediada; ;2025;26.55716147;3;680;;0008-4-2025-636;0.3
EA9558;AREA-EA9558-3;B5;AREA-EA9558-3-9;L-X,6,PZEA9558-11;484349.431;9526124.346;255;0.3;Area remediada; ;2025;26.55716147;3;1639;;0008-4-2025-639;0.3
EA9558;AREA-EA9558-3;B5;AREA-EA9558-3-6;L-X,6,PZEA9558-12;484349.431;9526126.078;255;0.3;Area remediada; ;2025;26.55716147;3;1681;;0008-4-2025-642;0.3
EA9558;AREA-EA9558-3;B5;AREA-EA9558-3-12;L-X,6,PZEA9558-13;484347.699;9526126.078;255;0.3;Area remediada; ;2025;26.55716147;3;41;;0008-4-2025-645;0.3
EA9558;AREA-EA9558-3;B5;AREA-EA9558-3-8;L-X,6,PZEA9558-14;484347.668;9526127.566;255;0.3;Area remediada; ;2025;26.55716147;3;18;;0008-4-2025-648;0.3
EA9558;AREA-EA9558-3;B5;AREA-EA9558-3-4;L-X,6,PZEA9558-15;484351.163;9526124.346;255;0.3;Area remediada; ;2025;26.55716147;3;1196;;0008-4-2025-651;0.3
EA5957;AREA-EA5957-4;B2;AREA-EA5957-4-4;L-X,6,PZEA5957-1;484486.208;9526593.66;265;0.3;Area remediada; ;2025;28.41453906;3;2616;;0008-4-2025-654;0.3
EA5957;AREA-EA5957-4;B2;AREA-EA5957-4-3;L-X,6,PZEA5957-2;484486.263;9526592;269;0.3;Area remediada; ;2025;28.41453906;3;1325;;0008-4-2025-657;0.3
EA5957;AREA-EA5957-4;B2;AREA-EA5957-4-6;L-X,6,PZEA5957-3;484487.995;9526592;269;0.3;Area remediada; ;2025;28.41453906;3;1201;;0008-4-2025-660;0.3
EA5957;AREA-EA5957-4;B2;AREA-EA5957-4-2;L-X,6,PZEA5957-4;484487.995;9526593.4;269;0.3;Area remediada; ;2025;28.41453906;3;4546;;0008-4-2025-663;0.3
EA5957;AREA-EA5957-4;B2;AREA-EA5957-4-5;L-X,6,PZEA5957-5;484486.263;9526590.268;269;0.3;Area remediada; ;2025;28.41453906;3;4265;;0008-4-2025-666;0.3
EA5957;AREA-EA5957-4;B2;AREA-EA5957-4-7;L-X,6,PZEA5957-6;484487.888;9526588.737;269;0.3;Area remediada; ;2025;28.41453906;3;3990;;0008-4-2025-669;0.3
EA5957;AREA-EA5957-8;D2;AREA-EA5957-8-2;L-X,6,PZEA5957-7;484489.561;9526609.4;269;0.15;Area remediada; ;2025;38.69280538;3;1201;;0008-4-2025-672;0.15
EA5957;AREA-EA5957-8;D2;AREA-EA5957-8-1;L-X,6,PZEA5957-8;484489.727;9526611.052;269;0.15;Area remediada; ;2025;38.69280538;3;508;;0008-4-2025-675;0.15
EA5957;AREA-EA5957-8;D2;AREA-EA5957-8-3;L-X,6,PZEA5957-9;484493.166;9526616.257;269;0.15;Area remediada; ;2025;38.69280538;3;311;;0008-4-2025-678;0.15
EA5957;AREA-EA5957-9;D4;AREA-EA5957-9-1;L-X,6,PZEA5957-10;484493.148;9526624.953;269;0.15;Area remediada; ;2025;16.88592884;3;40;;0008-4-2025-681;0.15
EA5957;AREA-EA5957-9;D4;AREA-EA5957-9-2;L-X,6,PZEA5957-11;484493.191;9526626.641;269;0.15;Area remediada; ;2025;16.88592884;3;38;;0008-4-2025-684;0.15
EA5957;AREA-EA5957-9;D4;AREA-EA5957-9-5;L-X,6,PZEA5957-12;484494.923;9526626.641;269;0.15;Area remediada; ;2025;16.88592884;3;21;;0008-4-2025-687;0.15
EA9848;AREA-EA9848-4;C1;AREA-EA9848-4-3;L-X,6,PZEA9848-1;483384.697;9527480.422;278;0.25;Area remediada; ;2025;15.96827958;3;2309;;0008-4-2025-690;0.25
EA9848;AREA-EA9848-4;C1;AREA-EA9848-4-1;L-X,6,PZEA9848-2;483384.828;9527479.028;278;0.25;Area remediada; ;2025;15.96827958;3;2375;;0008-4-2025-693;0.25
EA9848;AREA-EA9848-4;C1;AREA-EA9848-4-2;L-X,6,PZEA9848-3;483386.41;9527478.81;278;0.25;Area remediada; ;2025;15.96827958;3;0;;0008-4-2025-696;0.25
EA9848;AREA-EA9848-4;C1;AREA-EA9848-4-4;L-X,6,PZEA9848-4;483386.417;9527480.527;278;0.2;Area remediada; ;2025;15.96827958;3;372;;0008-4-2025-699;0.2
EA9569;AREA-EA9569-10;B6;AREA-EA9569-10-7;L-X,6,PZEA9569-1;480848.956;9527418.188;283;0.15;Area remediada; ;2025;65.55556843;3;0;;0008-4-2025-702;0.15
EA9569;AREA-EA9569-11;B8;AREA-EA9569-11-7;L-X,6,PZEA9569-2;480852.294;9527414.529;283;0.15;Area remediada; ;2025;42.23347006;3;20;;0008-4-2025-705;0.15
EA9569;AREA-EA9569-10;B6;AREA-EA9569-10-18;L-X,6,PZEA9569-3;480850.688;9527412.992;283;0.15;Area remediada; ;2025;65.55556843;3;76;;0008-4-2025-708;0.15
EA9569;AREA-EA9569-11;B8;AREA-EA9569-11-6;L-X,6,PZEA9569-4;480852.42;9527411.26;283;0.15;Area remediada; ;2025;42.23347006;3;339;;0008-4-2025-711;0.15
EA9569;AREA-EA9569-11;B8;AREA-EA9569-11-5;L-X,6,PZEA9569-5;480854.074;9527411.237;283;0.15;Area remediada; ;2025;42.23347006;3;1874;;0008-4-2025-714;0.15
EA9569;AREA-EA9569-8;B10;AREA-EA9569-8-14;L-X,6,PZEA9569-6;480852.42;9527409.528;283;0.15;Area remediada; ;2025;25.02903946;3;3183;;0008-4-2025-717;0.15
EA9569;AREA-EA9569-11;B8;AREA-EA9569-11-8;L-X,6,PZEA9569-7;480850.688;9527409.528;283;0.15;Area remediada; ;2025;42.23347006;3;1401;;0008-4-2025-720;0.15
EA9569;AREA-EA9569-6;D1;AREA-EA9569-6-1;L-X,6,PZEA9569-8;480871.548;9527416.47;283;0.1;Area remediada; ;2025;11.43270738;3;0;;0008-4-2025-723;0.1
EA9569;AREA-EA9569-6;D1;AREA-EA9569-6-2;L-X,6,PZEA9569-9;480873.151;9527416.507;283;0.1;Area remediada; ;2025;11.43270738;3;11506;;0008-4-2025-726;0.1
EA9569;AREA-EA9569-5;D3;AREA-EA9569-5-2;L-X,6,PZEA9569-10;480873.245;9527418.147;283;0.1;Area remediada; ;2025;33.57170404;3;8150;;0008-4-2025-729;0.1
EA9089;AREA-EA9089-4;E1-1;AREA-EA9089-4-5;L-X,6,PZEA9089-1;479458.118;9526491.186;264;0.4;Area remediada; ;2025;20.54573692;3;83;;0008-4-2025-732;0.4
EA9089;AREA-EA9089-9;B17;AREA-EA9089-9-11;L-X,6,PZEA9089-2;479458.119;9526489.809;264;0.4;Area remediada; ;2025;64.44409578;3;21;;0008-4-2025-735;0.4
EA9089;AREA-EA9089-9;B17;AREA-EA9089-9-6;L-X,6,PZEA9089-3;479459.851;9526489.809;264;0.4;Area remediada; ;2025;64.44409578;3;1043;;0008-4-2025-738;0.4
EA9089;AREA-EA9089-9;B17;AREA-EA9089-9-17;L-X,6,PZEA9089-4;479461.583;9526489.809;264;0.4;Area remediada; ;2025;64.44409578;3;0;;0008-4-2025-741;0.4
EA9089;AREA-EA9089-9;B17;AREA-EA9089-9-3;L-X,6,PZEA9089-5;479461.583;9526488.077;264;0.4;Area remediada; ;2025;64.44409578;3;0;;0008-4-2025-744;0.4
EA9089;AREA-EA9089-9;B17;AREA-EA9089-9-5;L-X,6,PZEA9089-6;479463.315;9526486.344;264;0.4;Area remediada; ;2025;64.44409578;3;31;;0008-4-2025-747;0.4
EA9089;AREA-EA9089-8;B15;AREA-EA9089-8-29;L-X,6,PZEA9089-7;479465.047;9526486.344;264;0.4;Area remediada; ;2025;135.0556129;3;31;;0008-4-2025-750;0.4
EA9089;AREA-EA9089-9;B17;AREA-EA9089-9-2;L-X,6,PZEA9089-8;479466.779;9526484.613;264;0.4;Area remediada; ;2025;64.44409578;3;1303;;0008-4-2025-753;0.4
EA9089;AREA-EA9089-9;B17;AREA-EA9089-9-8;L-X,6,PZEA9089-9;479461.742;9526483.157;264;0.4;Area remediada; ;2025;64.44409578;3;3641;;0008-4-2025-756;0.4
EA9089;AREA-EA9089-7;B8;AREA-EA9089-7-4;L-X,6,PZEA9089-10;479473.707;9526470.756;264;0.2;Area remediada; ;2025;20.13362004;3;1739;;0008-4-2025-759;0.2
EA9089;AREA-EA9089-7;B8;AREA-EA9089-7-3;L-X,6,PZEA9089-11;479473.743;9526469.055;264;0.2;Area remediada; ;2025;20.13362004;3;599;;0008-4-2025-762;0.2
EA9089;AREA-EA9089-7;B8;AREA-EA9089-7-1;L-X,6,PZEA9089-12;479475.439;9526469.024;264;0.2;Area remediada; ;2025;20.13362004;3;263;;0008-4-2025-765;0.2
EA9089;AREA-EA9089-7;B8;AREA-EA9089-7-5;L-X,6,PZEA9089-13;479475.431;9526470.749;264;0.2;Area remediada; ;2025;20.13362004;3;1636;;0008-4-2025-768;0.2
EA622;AREA-EA622-10;H2;AREA-EA622-10-3;L-X,6,PZEA622-1;479439.066;9527764.383;281;0.1;Area remediada; ;2025;13.28316408;3;2565;;0008-4-2025-771;0.1
EA622;AREA-EA622-11;I3;AREA-EA622-11-3;L-X,6,PZEA622-2;479440.59;9527762.786;281;0.1;Area remediada; ;2025;19.52893145;3;147;;0008-4-2025-774;0.1
EA622;AREA-EA622-11;I3;AREA-EA622-11-2;L-X,6,PZEA622-3;479442.305;9527759.306;281;0.1;Area remediada; ;2025;19.52893145;3;842;;0008-4-2025-777;0.1
EA622;AREA-EA622-11;I3;AREA-EA622-11-1;L-X,6,PZEA622-4;479442.566;9527757.693;281;0.1;Area remediada; ;2025;19.52893145;3;234;;0008-4-2025-780;0.1
EA622;AREA-EA622-8;M1;AREA-EA622-8-2;L-X,6,PZEA622-5;479452.935;9527755.928;281;0.15;Area remediada; ;2025;20.1427199;3;2247;;0008-4-2025-783;0.15
EA622;AREA-EA622-8;M1;AREA-EA622-8-1;L-X,6,PZEA622-6;479453.109;9527757.614;281;0.15;Area remediada; ;2025;20.1427199;3;1087;;0008-4-2025-786;0.15
EA622;AREA-EA622-8;M1;AREA-EA622-8-3;L-X,6,PZEA622-7;479454.655;9527755.938;281;0.15;Area remediada; ;2025;20.1427199;3;1804;;0008-4-2025-789;0.15
EA622;AREA-EA622-8;M1;AREA-EA622-8-4;L-X,6,PZEA622-8;479456.34;9527755.912;281;0.15;Area remediada; ;2025;20.1427199;3;1182;;0008-4-2025-792;0.15
EA9954;AREA-EA9954-8;B2;AREA-EA9954-8-2;L-X,6,PZEA9954-1R;479716.161;9526716.685;283;0.3;Area remediada; ;2025;25.36809659;3;327;;0008-4-2025-795;0.3
EA9954;AREA-EA9954-6;E1;AREA-EA9954-6-1;L-X,6,PZEA9954-2R;479710.961;9526708.123;283;0.1;Area remediada; ;2025;9.998353195;3;70;;0008-4-2025-798;0.1
EA9954;AREA-EA9954-5;C1;AREA-EA9954-5-4;L-X,6,PZEA9954-3R;479709.326;9526714.7;283;0.4;Area remediada; ;2025;15.50094237;3;0;;0008-4-2025-801;0.4
EA9954;AREA-EA9954-1;H5;AREA-EA9954-1-3;L-X,6,PZEA9954-4;479667.794;9526718.385;283;0.25;Area remediada; ;2025;25.08641953;3;987;;0008-4-2025-804;0.25
EA9954;AREA-EA9954-1;H5;AREA-EA9954-1-2;L-X,6,PZEA9954-5;479671.033;9526716.633;283;0.25;Area remediada; ;2025;25.08641953;3;2243;;0008-4-2025-807;0.25
EA9954;AREA-EA9954-1;H5;AREA-EA9954-1-4;L-X,6,PZEA9954-6;479676.43;9526713.303;283;0.25;Area remediada; ;2025;25.08641953;3;1984;;0008-4-2025-810;0.25
EA9954;AREA-EA9954-1;H5;AREA-EA9954-1-1;L-X,6,PZEA9954-7;479678.219;9526711.713;283;0.25;Area remediada; ;2025;25.08641953;3;30;;0008-4-2025-813;0.25
EA9954;AREA-EA9954-3;H2;AREA-EA9954-3-1;L-X,6,PZEA9954-8;479684.982;9526709.706;283;0.15;Area remediada; ;2025;16.20557249;3;0;;0008-4-2025-816;0.15
EA9954;AREA-EA9954-2;H3;AREA-EA9954-2-3;L-X,6,PZEA9954-9;479684.956;9526708.216;283;0.15;Area remediada; ;2025;12.56433243;3;5494;;0008-4-2025-819;0.15
EA9954;AREA-EA9954-3;H2;AREA-EA9954-3-4;L-X,6,PZEA9954-10;479688.447;9526707.841;283;0.15;Area remediada; ;2025;16.20557249;3;1085;;0008-4-2025-822;0.15
EA9954;AREA-EA9954-3;H2;AREA-EA9954-3-3;L-X,6,PZEA9954-11;479690.259;9526707.971;283;0.15;Area remediada; ;2025;16.20557249;3;18;;0008-4-2025-825;0.15
EA5787;AREA-EA5787-6;B1;AREA-EA5787-6-4;L-X,6,PZEA5787-1;479941.345;9526621.55;278;0.1;Area remediada; ;2025;12.65737533;3;18;;0008-4-2025-828;0.1
EA5787;AREA-EA5787-6;B1;AREA-EA5787-6-5;L-X,6,PZEA5787-2;479941.361;9526623.177;278;0.1;Area remediada; ;2025;12.65737533;3;31;;0008-4-2025-831;0.1
EA5787;AREA-EA5787-6;B1;AREA-EA5787-6-2;L-X,6,PZEA5787-3;479943.059;9526621.645;278;0.1;Area remediada; ;2025;12.65737533;3;14;;0008-4-2025-834;0.1
EA5787;AREA-EA5787-7;B3;AREA-EA5787-7-1;L-X,6,PZEA5787-4;479944.825;9526623.177;278;0.2;Area remediada; ;2025;26.51972757;3;153;;0008-4-2025-837;0.2
EA5787;AREA-EA5787-7;B3;AREA-EA5787-7-3;L-X,6,PZEA5787-5;479944.825;9526624.909;278;0.2;Area remediada; ;2025;26.51972757;3;1676;;0008-4-2025-840;0.2
EA5787;AREA-EA5787-7;B3;AREA-EA5787-7-2;L-X,6,PZEA5787-6;479944.805;9526626.648;278;0.2;Area remediada; ;2025;26.51972757;3;178;;0008-4-2025-843;0.2
EA5787;AREA-EA5787-7;B3;AREA-EA5787-7-4;L-X,6,PZEA5787-7;479944.849;9526628.36;278;0.2;Area remediada; ;2025;26.51972757;3;30;;0008-4-2025-846;0.2
EA5787;AREA-EA5787-3;B10;AREA-EA5787-3-3;L-X,6,PZEA5787-8;479946.465;9526628.462;278;0.2;Area remediada; ;2025;40.72122277;3;52;;0008-4-2025-849;0.2
EA689;AREA-EA689-2;I2;AREA-EA689-2-1;L-X,6,PZEA689-1;479835.756;9526874.568;282;0.25;Area remediada; ;2025;14.56484339;3;883;;0008-4-2025-852;0.25
EA689;AREA-EA689-2;I2;AREA-EA689-2-2;L-X,6,PZEA689-2;479837.457;9526874.358;282;0.25;Area remediada; ;2025;14.56484339;3;844;;0008-4-2025-855;0.25
EA689;AREA-EA689-1;G1;AREA-EA689-1-1;L-X,6,PZEA689-3;479839.17;9526874.324;282;0.25;Area remediada; ;2025;16.18730281;3;1583;;0008-4-2025-858;0.25
EA689;AREA-EA689-6;H3;AREA-EA689-6-1;L-X,6,PZEA689-4;479842.702;9526879.603;282;0.25;Area remediada; ;2025;13.86376009;3;0;;0008-4-2025-861;0.25
EA689;AREA-EA689-7;H4;AREA-EA689-7-1;L-X,6,PZEA689-5;479840.951;9526881.205;282;0.25;Area remediada; ;2025;10.08109271;3;31;;0008-4-2025-864;0.25
EA9071;AREA-EA9071-1;C5;AREA-EA9071-1-2;L-X,6,PZEA9071-1;480034.867;9526789.421;280;0.1;Area remediada; ;2025;9.228959303;3;747;;0008-4-2025-867;0.1
EA9071;AREA-EA9071-1;C5;AREA-EA9071-1-1;L-X,6,PZEA9071-2;480038.36;9526787.73;280;0.1;Area remediada; ;2025;9.228959303;3;691;;0008-4-2025-870;0.1
EA9071;AREA-EA9071-5;C7;AREA-EA9071-5-1;L-X,6,PZEA9071-3;480045.261;9526787.698;280;0.1;Area remediada; ;2025;18.8296817;3;2433;;0008-4-2025-873;0.1
EA627;AREA-EA627-5;D7;AREA-EA627-5-3;L-X,6,PZEA627-1;479206.998;9527849.506;275;0.15;Area remediada; ;2025;12.98727098;3;0;;0008-4-2025-876;0.15
EA627;AREA-EA627-5;D7;AREA-EA627-5-1;L-X,6,PZEA627-2;479207.062;9527851.145;275;0.15;Area remediada; ;2025;12.98727098;3;0;;0008-4-2025-879;0.15
EA627;AREA-EA627-5;D7;AREA-EA627-5-2;L-X,6,PZEA627-3;479208.6;9527851.011;275;0.15;Area remediada; ;2025;12.98727098;3;0;;0008-4-2025-882;0.15
EA627;AREA-EA627-4;D6;AREA-EA627-4-2;L-X,6,PZEA627-4;479208.717;9527849.485;275;0.15;Area remediada; ;2025;13.823811;3;0;;0008-4-2025-885;0.15
EA9267;AREA-EA9267-2;E2;AREA-EA9267-2-2;L-X,6,PZEA9267-1;479752.594;9526555.614;260;0.3;Area remediada; ;2025;22.10162588;3;454;;0008-4-2025-888;0.3
EA9267;AREA-EA9267-2;E2;AREA-EA9267-2-1;L-X,6,PZEA9267-2;479754.308;9526557.35;260;0.3;Area remediada; ;2025;22.10162588;3;1694;;0008-4-2025-891;0.3
EA9267;AREA-EA9267-2;E2;AREA-EA9267-2-4;L-X,6,PZEA9267-3;479754.388;9526560.879;260;0.3;Area remediada; ;2025;22.10162588;3;1529;;0008-4-2025-894;0.3
EA9267;AREA-EA9267-2;E2;AREA-EA9267-2-5;L-X,6,PZEA9267-4;479755.769;9526560.871;260;0.3;Area remediada; ;2025;22.10162588;3;992;;0008-4-2025-897;0.3
