Ítem,Puntos,Este,Norte,Altitud,Profundida
1.000000000000000,"L-X,6,PZEA910-1",481924.451999999990221,9528268.452999999746680,284.000000000000000,0.150000000000000
2.000000000000000,"L-X,6,PZEA910-2",481924.559000000008382,9528266.892999999225140,284.000000000000000,0.150000000000000
3.000000000000000,"L-X,6,PZEA910-3",481926.283999999985099,9528266.884999999776483,284.000000000000000,0.150000000000000
4.000000000000000,"L-X,6,PZEA910-4",481926.291299999982584,9528265.161000000312924,284.000000000000000,0.150000000000000
5.000000000000000,"L-X,6,PZEA910-5",481928.000000000000000,9528265.165999999269843,284.000000000000000,0.150000000000000
6.000000000000000,"L-X,6,PZEA910-6",481927.969999999972060,9528263.434000000357628,284.000000000000000,0.150000000000000
7.000000000000000,"L-X,6,PZEA920-1",481744.425999999977648,9528308.461999999359250,284.000000000000000,0.400000000000000
8.000000000000000,"L-X,6,PZEA920-2",481744.435999999986961,9528306.741000000387430,284.000000000000000,0.400000000000000
9.000000000000000,"L-X,6,PZEA920-3",481746.157999999995809,9528306.730000000447035,284.000000000000000,0.400000000000000
10.000000000000000,"L-X,6,PZEA920-4",481746.157999999995809,9528304.997999999672174,284.000000000000000,0.400000000000000
11.000000000000000,"L-X,6,PZEA920-5",481789.458999999973457,9528279.017000000923872,284.000000000000000,0.100000000000000
12.000000000000000,"L-X,6,PZEA920-6",481789.504000000015367,9528280.712999999523163,284.000000000000000,0.100000000000000
13.000000000000000,"L-X,6,PZEA920-7",481791.195999999996275,9528284.208000000566244,284.000000000000000,0.100000000000000
14.000000000000000,"L-X,6,PZEA920-8",481792.754000000015367,9528284.010999999940395,284.000000000000000,0.100000000000000
15.000000000000000,"L-X,6,PZEA9563-1",482267.489000000001397,9527754.179999999701977,289.000000000000000,0.300000000000000
16.000000000000000,"L-X,6,PZEA9563-2",482267.555999999982305,9527752.518999999389052,289.000000000000000,0.300000000000000
17.000000000000000,"L-X,6,PZEA9563-3",482274.434000000008382,9527729.957000000402331,289.000000000000000,0.250000000000000
18.000000000000000,"L-X,6,PZEA9563-4",482276.166000000026543,9527728.224999999627471,289.000000000000000,0.250000000000000
19.000000000000000,"L-X,6,PZEA9563-5",482281.454000000027008,9527636.433000000193715,289.000000000000000,0.400000000000000
20.000000000000000,"L-X,6,PZEA9562-1",481945.380000000004657,9527839.112999999895692,294.000000000000000,0.200000000000000
21.000000000000000,"L-X,6,PZEA9562-2",481947.076000000000931,9527839.075999999418855,294.000000000000000,0.200000000000000
22.000000000000000,"L-X,6,PZEA9562-3",482002.598999999987427,9527851.452999999746680,294.000000000000000,0.400000000000000
23.000000000000000,"L-X,6,PZEA9562-4",482004.233999999996740,9527851.201999999582767,294.000000000000000,0.400000000000000
24.000000000000000,"L-X,6,PZEA9562-5",482006.119000000006054,9527849.673000000417233,294.000000000000000,0.400000000000000
25.000000000000000,"L-X,6,PZEA9562-6",482007.642999999981839,9527849.653999999165535,294.000000000000000,0.400000000000000
26.000000000000000,"L-X,6,PZEA5698-1",482026.750000000000000,9527276.160000000149012,286.000000000000000,0.100000000000000
27.000000000000000,"L-X,6,PZEA5698-2",482026.952999999979511,9527277.755999999120831,286.000000000000000,0.100000000000000
28.000000000000000,"L-X,6,PZEA5698-3",482028.358000000007451,9527277.754000000655651,286.000000000000000,0.100000000000000
29.000000000000000,"L-X,6,PZEA5698-4",482028.482000000018161,9527276.160000000149012,286.000000000000000,0.100000000000000
30.000000000000000,"L-X,6,PZEA1293-1",482210.370999999984633,9527115.107999999076128,289.000000000000000,0.250000000000000
31.000000000000000,"L-X,6,PZEA1293-2",482210.384000000020023,9527116.625000000000000,289.000000000000000,0.250000000000000
32.000000000000000,"L-X,6,PZEA1293-3",482211.956000000005588,9527116.685000000521541,289.000000000000000,0.250000000000000
33.000000000000000,"L-X,6,PZEA1293-4",482231.131999999983236,9527120.275000000372529,289.000000000000000,0.100000000000000
34.000000000000000,"L-X,6,PZEA1293-5",482232.842000000004191,9527118.562000000849366,289.000000000000000,0.100000000000000
35.000000000000000,"L-X,6,PZEA1293-6",482231.135999999998603,9527116.821000000461936,289.000000000000000,0.100000000000000
36.000000000000000,"L-X,6,PZEA1293-7",482232.874000000010710,9527121.997999999672174,289.000000000000000,0.100000000000000
37.000000000000000,"L-X,6,PZEA1293-8",482234.425999999977648,9527122.051000000908971,289.000000000000000,0.100000000000000
38.000000000000000,"L-X,6,PZEA1293-9",482234.434000000008382,9527123.726999999955297,289.000000000000000,0.100000000000000
39.000000000000000,"L-X,6,PZEA9066-1",482464.958999999973457,9527281.356000000610948,309.000000000000000,0.200000000000000
40.000000000000000,"L-X,6,PZEA9066-2",482465.070999999996275,9527279.735999999567866,309.000000000000000,0.200000000000000
41.000000000000000,"L-X,6,PZEA9066-3",482473.619000000006054,9527262.302999999374151,309.000000000000000,0.350000000000000
42.000000000000000,"L-X,6,PZEA9066-4",482475.233999999996740,9527262.134999999776483,309.000000000000000,0.350000000000000
43.000000000000000,"L-X,6,PZEA9066-5",482477.082999999984168,9527260.571000000461936,309.000000000000000,0.350000000000000
44.000000000000000,"L-X,6,PZEA9066-6",482475.443000000028405,9527258.957000000402331,309.000000000000000,0.350000000000000
45.000000000000000,"L-X,6,PZEA9066-7",482478.815000000002328,9527286.551999999210238,309.000000000000000,0.250000000000000
46.000000000000000,"L-X,6,PZEA9066-8",482480.474999999976717,9527286.615000000223517,309.000000000000000,0.250000000000000
47.000000000000000,"L-X,6,PZEA9066-9",482482.066999999980908,9527288.438999999314547,309.000000000000000,0.250000000000000
48.000000000000000,"L-X,6,PZEA1040-1",481803.315999999991618,9527482.274000000208616,288.000000000000000,0.100000000000000
49.000000000000000,"L-X,6,PZEA1040-2",481803.315999999991618,9527484.005999999120831,288.000000000000000,0.100000000000000
50.000000000000000,"L-X,6,PZEA1040-3",481803.315999999991618,9527485.737999999895692,288.000000000000000,0.100000000000000
51.000000000000000,"L-X,6,PZEA1040-4",481803.445999999996275,9527487.333000000566244,288.000000000000000,0.100000000000000
52.000000000000000,"L-X,6,PZEA1040-5",481808.511999999987893,9527475.346000000834465,288.000000000000000,0.300000000000000
53.000000000000000,"L-X,6,PZEA1040-6",481808.521000000007916,9527473.673000000417233,288.000000000000000,0.300000000000000
54.000000000000000,"L-X,6,PZEA1040-7",481810.244000000006054,9527475.346000000834465,288.000000000000000,0.300000000000000
55.000000000000000,"L-X,6,PZEA1040-8",481811.870999999984633,9527473.515000000596046,288.000000000000000,0.300000000000000
56.000000000000000,"L-X,6,PZEA1040-9",481860.305999999982305,9527497.742000000551343,278.000000000000000,0.100000000000000
57.000000000000000,"L-X,6,PZEA1040-12R",481862.308000000019092,9527491.012000000104308,278.000000000000000,0.100000000000000
58.000000000000000,"L-X,6,PZEA1040-13",481863.938000000023749,9527489.202999999746680,278.000000000000000,0.100000000000000
59.000000000000000,"L-X,6,PZEA9082-1",480971.930999999982305,9527371.423000000417233,305.000000000000000,0.150000000000000
60.000000000000000,"L-X,6,PZEA9082-2",480973.506999999983236,9527371.232999999076128,305.000000000000000,0.150000000000000
61.000000000000000,"L-X,6,PZEA9082-3",480971.945999999996275,9527374.872999999672174,305.000000000000000,0.150000000000000
62.000000000000000,"L-X,6,PZEA9082-4",480973.651000000012573,9527376.630999999120831,305.000000000000000,0.150000000000000
63.000000000000000,"L-X,6,PZEA9812-1",480937.022999999986496,9527026.740000000223517,308.000000000000000,0.150000000000000
64.000000000000000,"L-X,6,PZEA9812-2",480937.194000000017695,9527024.970000000670552,308.000000000000000,0.150000000000000
65.000000000000000,"L-X,6,PZEA9812-3",480951.146999999997206,9527002.495999999344349,308.000000000000000,0.200000000000000
66.000000000000000,"L-X,6,PZEA9812-4",480951.146999999997206,9527004.228000000119209,308.000000000000000,0.200000000000000
67.000000000000000,"L-X,6,PZEA9022-1",481864.039999999979045,9526657.676000000908971,286.000000000000000,0.100000000000000
68.000000000000000,"L-X,6,PZEA9022-2",481867.401000000012573,9526657.817999999970198,286.000000000000000,0.100000000000000
69.000000000000000,"L-X,6,PZEA9022-3",481867.401000000012573,9526656.085999999195337,286.000000000000000,0.100000000000000
70.000000000000000,"L-X,6,PZEA9022-4",481869.134000000020023,9526657.817999999970198,286.000000000000000,0.100000000000000
71.000000000000000,"L-X,6,PZEA9022-5",481870.865999999979977,9526657.817999999970198,286.000000000000000,0.100000000000000
72.000000000000000,"L-X,6,PZEA9022-6",481870.865999999979977,9526659.550000000745058,286.000000000000000,0.100000000000000
73.000000000000000,"L-X,6,PZEA9022-7",481872.576999999990221,9526661.263000000268221,286.000000000000000,0.100000000000000
74.000000000000000,"L-X,6,PZEA9022-8",481872.353000000002794,9526662.968000000342727,286.000000000000000,0.100000000000000
75.000000000000000,"L-X,6,PZEA9022-9",481870.865999999979977,9526663.014000000432134,286.000000000000000,0.100000000000000
76.000000000000000,"L-X,6,PZEA9022-10",481867.434000000008382,9526661.257999999448657,286.000000000000000,0.100000000000000
77.000000000000000,"L-X,6,PZEA9022-11",481874.330000000016298,9526656.085999999195337,286.000000000000000,0.100000000000000
78.000000000000000,"L-X,6,PZEA9022-12",481875.982000000018161,9526657.751000000163913,286.000000000000000,0.100000000000000
79.000000000000000,"L-X,6,PZEA9022-13",481895.114000000001397,9526654.353000000119209,286.000000000000000,0.100000000000000
80.000000000000000,"L-X,6,PZEA9022-14",481896.766000000003260,9526654.293999999761581,286.000000000000000,0.100000000000000
81.000000000000000,"L-X,6,PZEA9022-15",481895.163000000000466,9526656.061000000685453,286.000000000000000,0.100000000000000
82.000000000000000,"L-X,6,PZEA9022-16",481895.309000000008382,9526657.785000000149012,286.000000000000000,0.100000000000000
83.000000000000000,"L-X,6,PZEA1537-1",481754.716000000014901,9527064.916999999433756,289.000000000000000,0.300000000000000
84.000000000000000,"L-X,6,PZEA1537-2",481825.831999999994878,9526979.979000000283122,289.000000000000000,0.200000000000000
85.000000000000000,"L-X,6,PZEA1537-3",481827.534999999974389,9526979.907999999821186,289.000000000000000,0.200000000000000
86.000000000000000,"L-X,6,PZEA1537-4",481829.288000000000466,9526979.832000000402331,289.000000000000000,0.200000000000000
87.000000000000000,"L-X,6,PZEA1537-5",481831.045999999972992,9526978.264000000432134,289.000000000000000,0.200000000000000
88.000000000000000,"L-X,6,PZEA1296-1",482121.773999999975786,9526657.754000000655651,289.000000000000000,0.350000000000000
89.000000000000000,"L-X,6,PZEA1296-2",482121.989999999990687,9526656.067999999970198,289.000000000000000,0.350000000000000
90.000000000000000,"L-X,6,PZEA1296-3",482109.889000000024680,9526657.817999999970198,289.000000000000000,0.400000000000000
91.000000000000000,"L-X,6,PZEA9273-1",481245.623000000021420,9527085.605000000447035,274.000000000000000,0.150000000000000
92.000000000000000,"L-X,6,PZEA9273-2",481247.326999999990221,9527085.633999999612570,274.000000000000000,0.150000000000000
93.000000000000000,"L-X,6,PZEA9273-3",481249.059000000008382,9527085.633999999612570,274.000000000000000,0.150000000000000
94.000000000000000,"L-X,6,PZEA922-1",481467.431999999971595,9527575.683000000193715,296.000000000000000,0.100000000000000
95.000000000000000,"L-X,6,PZEA922-2",481469.027000000001863,9527575.807000000029802,296.000000000000000,0.100000000000000
96.000000000000000,"L-X,6,PZEA922-3",481469.030000000027940,9527577.537000000476837,296.000000000000000,0.100000000000000
97.000000000000000,"L-X,6,PZEA922-4",481470.661000000021886,9527577.563999999314547,296.000000000000000,0.100000000000000
98.000000000000000,"L-X,6,PZEA922-5",481472.494000000006054,9527584.464999999850988,296.000000000000000,0.100000000000000
99.000000000000000,"L-X,6,PZEA922-6",481472.494000000006054,9527585.994000000879169,296.000000000000000,0.100000000000000
100.000000000000000,"L-X,6,PZEA9298-1",480975.395000000018626,9528698.174000000581145,292.000000000000000,0.500000000000000
101.000000000000000,"L-X,6,PZEA9298-2",480975.433000000019092,9528696.512000000104308,292.000000000000000,0.500000000000000
102.000000000000000,"L-X,6,PZEA9298-3",480977.096000000019558,9528696.489000000059605,292.000000000000000,0.500000000000000
103.000000000000000,"L-X,6,PZEA9298-4",480977.126999999978580,9528698.174000000581145,292.000000000000000,0.500000000000000
104.000000000000000,"L-X,6,PZEA1292-1",480951.287000000011176,9528592.562999999150634,292.000000000000000,0.100000000000000
105.000000000000000,"L-X,6,PZEA1292-2",480952.717999999993481,9528590.732999999076128,292.000000000000000,0.100000000000000
106.000000000000000,"L-X,6,PZEA1292-3",481013.503000000026077,9528590.783999999985099,292.000000000000000,0.100000000000000
107.000000000000000,"L-X,6,PZEA1292-4",481015.232000000018161,9528590.786000000312924,292.000000000000000,0.100000000000000
108.000000000000000,"L-X,6,PZEA9297-1",481008.308000000019092,9528538.828999999910593,283.000000000000000,0.100000000000000
109.000000000000000,"L-X,6,PZEA9297-2",481010.036000000021886,9528538.824999999254942,283.000000000000000,0.100000000000000
110.000000000000000,"L-X,6,PZEA9297-3",481103.566999999980908,9528518.039999999105930,283.000000000000000,0.100000000000000
111.000000000000000,"L-X,6,PZEA9297-4",481103.683000000019092,9528519.691999999806285,283.000000000000000,0.100000000000000
112.000000000000000,"L-X,6,PZEA9297-5",481105.298999999999069,9528519.771999999880791,283.000000000000000,0.100000000000000
113.000000000000000,"L-X,6,PZEA2086-1",481152.065000000002328,9528646.211999999359250,283.000000000000000,0.200000000000000
114.000000000000000,"L-X,6,PZEA2086-2",481152.065000000002328,9528647.944000000134110,283.000000000000000,0.200000000000000
115.000000000000000,"L-X,6,PZEA2086-3",481152.065000000002328,9528649.676000000908971,283.000000000000000,0.200000000000000
116.000000000000000,"L-X,6,PZEA2086-4",481153.766000000003260,9528649.620999999344349,283.000000000000000,0.200000000000000
117.000000000000000,"L-X,6,PZEA2086-5",481164.271999999997206,9528618.533999999985099,283.000000000000000,0.150000000000000
118.000000000000000,"L-X,6,PZEA2086-6",481165.920999999972992,9528616.767000000923872,283.000000000000000,0.150000000000000
119.000000000000000,"L-X,6,PZEA2086-7",481165.920999999972992,9528615.035000000149012,283.000000000000000,0.150000000000000
120.000000000000000,"L-X,6,PZEA2086-8",481167.651000000012573,9528615.030999999493361,283.000000000000000,0.150000000000000
121.000000000000000,"L-X,6,PZEA2086-9",481167.652999999991152,9528613.302999999374151,283.000000000000000,0.150000000000000
122.000000000000000,"L-X,6,PZEA2086-10",481165.920999999972992,9528613.302999999374151,283.000000000000000,0.150000000000000
123.000000000000000,"L-X,6,PZEA2086-11",481167.652999999991152,9528611.571000000461936,283.000000000000000,0.150000000000000
124.000000000000000,"L-X,6,PZEA2056-1",480578.755999999993946,9528729.350999999791384,303.000000000000000,0.200000000000000
125.000000000000000,"L-X,6,PZEA2056-2",480578.756999999983236,9528731.081000000238419,303.000000000000000,0.200000000000000
126.000000000000000,"L-X,6,PZEA2056-3",480578.901000000012573,9528732.764000000432134,303.000000000000000,0.200000000000000
127.000000000000000,"L-X,6,PZEA2056-4",480580.462999999988824,9528732.789000000804663,303.000000000000000,0.200000000000000
128.000000000000000,"L-X,6,PZEA2056-5",480580.488000000012107,9528731.083000000566244,303.000000000000000,0.200000000000000
129.000000000000000,"L-X,6,PZEA2056-6",480651.503000000026077,9528765.721999999135733,303.000000000000000,0.100000000000000
130.000000000000000,"L-X,6,PZEA2056-7",480651.743000000016764,9528760.544999999925494,303.000000000000000,0.100000000000000
131.000000000000000,"L-X,6,PZEA2056-8",480653.233999999996740,9528760.527000000700355,303.000000000000000,0.100000000000000
132.000000000000000,"L-X,6,PZEA2056-9",480653.233999999996740,9528758.794999999925494,303.000000000000000,0.100000000000000
133.000000000000000,"L-X,6,PZEA10223-1",482555.026000000012573,9528805.561000000685453,298.000000000000000,0.300000000000000
134.000000000000000,"L-X,6,PZEA10223-2",482555.026000000012573,9528807.292999999597669,298.000000000000000,0.300000000000000
135.000000000000000,"L-X,6,PZEA10223-3",482556.757999999972526,9528807.292999999597669,298.000000000000000,0.300000000000000
136.000000000000000,"L-X,6,PZEA10223-4",482560.222000000008848,9528805.561000000685453,298.000000000000000,0.300000000000000
137.000000000000000,"L-X,6,PZEA10223-5",482561.954000000027008,9528805.561000000685453,298.000000000000000,0.300000000000000
138.000000000000000,"L-X,6,PZEA10223-6",482561.954000000027008,9528802.096999999135733,298.000000000000000,0.300000000000000
139.000000000000000,"L-X,6,PZEA10223-7",482561.967000000004191,9528800.377000000327826,298.000000000000000,0.300000000000000
140.000000000000000,"L-X,6,PZEA10223-8",482560.222000000008848,9528809.024000000208616,298.000000000000000,0.300000000000000
141.000000000000000,"L-X,6,PZEA10223-9",482565.543000000005122,9528786.539000000804663,298.000000000000000,0.400000000000000
142.000000000000000,"L-X,6,PZEA10223-10",482567.150000000023283,9528786.507999999448657,298.000000000000000,0.400000000000000
143.000000000000000,"L-X,6,PZEA10223-11",482567.179999999993015,9528784.875000000000000,298.000000000000000,0.400000000000000
144.000000000000000,"L-X,6,PZEA10223-12",482568.813000000023749,9528784.728000000119209,298.000000000000000,0.400000000000000
145.000000000000000,"L-X,6,PZEA9009-1",480679.434999999997672,9528594.316999999806285,311.000000000000000,0.400000000000000
146.000000000000000,"L-X,6,PZEA9009-2",480680.946999999985565,9528594.251000000163913,311.000000000000000,0.400000000000000
147.000000000000000,"L-X,6,PZEA9009-3",480680.928000000014435,9528592.703999999910593,311.000000000000000,0.400000000000000
148.000000000000000,"L-X,6,PZEA9009-4",480680.946999999985565,9528595.982999999076128,311.000000000000000,0.400000000000000
149.000000000000000,"L-X,6,PZEA9009-5R",480684.468999999982771,9528614.985999999567866,311.000000000000000,0.300000000000000
150.000000000000000,"L-X,6,PZEA9009-6R",480686.142999999981839,9528616.767000000923872,311.000000000000000,0.300000000000000
151.000000000000000,"L-X,6,PZEA9009-7R",480687.738000000012107,9528616.803999999538064,311.000000000000000,0.300000000000000
152.000000000000000,"L-X,6,PZEA9009-8R",480686.234999999986030,9528618.281999999657273,311.000000000000000,0.200000000000000
153.000000000000000,"L-X,6,PZEA9009-9R",480687.891000000003260,9528618.483999999240041,311.000000000000000,0.200000000000000
154.000000000000000,"L-X,6,PZEA2344-1",482482.304000000003725,9528942.323000000789762,293.000000000000000,0.100000000000000
155.000000000000000,"L-X,6,PZEA2344-2",482484.011999999987893,9528942.392999999225140,293.000000000000000,0.100000000000000
156.000000000000000,"L-X,6,PZEA2344-3",482484.011999999987893,9528938.928999999538064,293.000000000000000,0.100000000000000
157.000000000000000,"L-X,6,PZEA2344-4",482482.371999999973923,9528939.026000000536442,293.000000000000000,0.100000000000000
158.000000000000000,"L-X,6,PZEA2344-5",482485.744000000006054,9528938.928999999538064,293.000000000000000,0.400000000000000
159.000000000000000,"L-X,6,PZEA2344-6",482487.474999999976717,9528938.922000000253320,293.000000000000000,0.400000000000000
160.000000000000000,"L-X,6,PZEA2344-7",482487.476000000024214,9528937.197000000625849,293.000000000000000,0.400000000000000
161.000000000000000,"L-X,6,PZEA2344-8",482487.476000000024214,9528935.464999999850988,293.000000000000000,0.100000000000000
162.000000000000000,"L-X,6,PZEA2344-9",482489.207999999984168,9528933.732999999076128,293.000000000000000,0.100000000000000
163.000000000000000,"L-X,6,PZEA2344-10",482489.179999999993015,9528932.051000000908971,293.000000000000000,0.100000000000000
164.000000000000000,"L-X,6,PZEA2344-11",482490.977000000013504,9528932.048000000417233,293.000000000000000,0.100000000000000
165.000000000000000,"L-X,6,PZEA2344-12",482490.940000000002328,9528935.464999999850988,293.000000000000000,0.100000000000000
166.000000000000000,"L-X,6,PZEA2344-13",482490.940000000002328,9528937.197000000625849,293.000000000000000,0.100000000000000
167.000000000000000,"L-X,6,PZEA2344-14",482492.672000000020489,9528937.197000000625849,293.000000000000000,0.100000000000000
168.000000000000000,"L-X,6,PZEA2344-15",482494.403999999980442,9528935.464999999850988,293.000000000000000,0.100000000000000
169.000000000000000,"L-X,6,PZEA2344-16",482496.135999999998603,9528937.197000000625849,293.000000000000000,0.100000000000000
170.000000000000000,"L-X,6,PZEA2344-17",482496.135999999998603,9528938.928999999538064,293.000000000000000,0.100000000000000
171.000000000000000,"L-X,6,PZEA2344-18",482496.135999999998603,9528940.661000000312924,293.000000000000000,0.100000000000000
172.000000000000000,"L-X,6,PZEA2344-19",482496.135999999998603,9528942.392999999225140,293.000000000000000,0.100000000000000
173.000000000000000,"L-X,6,PZEA2344-20",482494.403999999980442,9528942.392999999225140,293.000000000000000,0.100000000000000
174.000000000000000,"L-X,6,PZEA2344-21",482492.672000000020489,9528942.392999999225140,293.000000000000000,0.100000000000000
175.000000000000000,"L-X,6,PZEA2344-22",482496.135999999998603,9528944.125000000000000,293.000000000000000,0.100000000000000
176.000000000000000,"L-X,6,PZEA2344-23",482497.868000000016764,9528944.125000000000000,293.000000000000000,0.100000000000000
177.000000000000000,"L-X,6,PZEA2344-24",482497.868000000016764,9528945.857000000774860,293.000000000000000,0.100000000000000
178.000000000000000,"L-X,6,PZEA2344-25",482501.240999999979977,9528947.482999999076128,293.000000000000000,0.100000000000000
179.000000000000000,"L-X,6,PZEA2344-26",482501.331999999994878,9528944.125000000000000,293.000000000000000,0.100000000000000
180.000000000000000,"L-X,6,PZEA2344-27",482501.331999999994878,9528942.392999999225140,293.000000000000000,0.100000000000000
181.000000000000000,"L-X,6,PZEA2344-28",482499.599999999976717,9528942.392999999225140,293.000000000000000,0.100000000000000
182.000000000000000,"L-X,6,PZEA2344-29",482501.331999999994878,9528935.464999999850988,293.000000000000000,0.100000000000000
183.000000000000000,"L-X,6,PZEA2344-30",482501.331999999994878,9528933.732999999076128,293.000000000000000,0.100000000000000
184.000000000000000,"L-X,6,PZEA2344-31",482503.064000000013039,9528933.732999999076128,293.000000000000000,0.100000000000000
185.000000000000000,"L-X,6,PZEA2344-32",482499.599999999976717,9528932.000000000000000,293.000000000000000,0.100000000000000
186.000000000000000,"L-X,6,PZEA2344-33",482497.868000000016764,9528932.000000000000000,293.000000000000000,0.100000000000000
187.000000000000000,"L-X,6,PZEA2344-34",482497.864000000001397,9528930.278000000864267,293.000000000000000,0.100000000000000
188.000000000000000,"L-X,6,PZEA2344-35",482497.868000000016764,9528933.732999999076128,293.000000000000000,0.100000000000000
189.000000000000000,"L-X,6,PZEA2344-36",482497.868000000016764,9528935.464999999850988,293.000000000000000,0.100000000000000
190.000000000000000,"L-X,6,PZEA2344-37",482489.207999999984168,9528938.919999999925494,293.000000000000000,0.400000000000000
191.000000000000000,"L-X,6,PZEA2344-38",482485.744000000006054,9528933.732999999076128,293.000000000000000,0.100000000000000
192.000000000000000,"L-X,6,PZEA2344-39",482484.011999999987893,9528935.464999999850988,293.000000000000000,0.100000000000000
193.000000000000000,"L-X,6,PZEA2344-40",482494.465000000025611,9528947.559000000357628,293.000000000000000,0.100000000000000
194.000000000000000,"L-X,6,PZEA2344-41",482494.572999999974854,9528949.332000000402331,293.000000000000000,0.100000000000000
195.000000000000000,"L-X,6,PZEA2344-42",482494.517999999981839,9528952.698999999091029,293.000000000000000,0.100000000000000
196.000000000000000,"L-X,6,PZEA2344-43",482496.135999999998603,9528954.517000000923872,293.000000000000000,0.100000000000000
197.000000000000000,"L-X,6,PZEA2344-44",482497.868000000016764,9528957.981000000610948,293.000000000000000,0.100000000000000
198.000000000000000,"L-X,6,PZEA2344-45",482501.331999999994878,9528957.981000000610948,293.000000000000000,0.100000000000000
199.000000000000000,"L-X,6,PZEA2344-46",482501.331999999994878,9528956.248999999836087,293.000000000000000,0.100000000000000
200.000000000000000,"L-X,6,PZEA2344-47",482501.321999999985565,9528952.794999999925494,293.000000000000000,0.100000000000000
201.000000000000000,"L-X,6,PZEA2344-48",482497.868000000016764,9528951.052999999374151,293.000000000000000,0.100000000000000
202.000000000000000,"L-X,6,PZEA2344-49",482492.645000000018626,9528959.656999999657273,293.000000000000000,0.100000000000000
203.000000000000000,"L-X,6,PZEA9017-1",480436.727000000013504,9528760.527000000700355,291.000000000000000,0.200000000000000
204.000000000000000,"L-X,6,PZEA9017-2",480438.446999999985565,9528758.811000000685453,291.000000000000000,0.200000000000000
205.000000000000000,"L-X,6,PZEA9017-3",480440.146000000007916,9528758.978000000119209,291.000000000000000,0.200000000000000
206.000000000000000,"L-X,6,PZEA9017-4",480441.923999999999069,9528760.527000000700355,291.000000000000000,0.200000000000000
207.000000000000000,"L-X,6,PZEA9017-5",480440.135000000009313,9528762.000000000000000,291.000000000000000,0.200000000000000
208.000000000000000,"L-X,6,PZEA9017-6",480506.175999999977648,9528561.551999999210238,291.000000000000000,0.200000000000000
209.000000000000000,"L-X,6,PZEA9017-7",480507.740999999979977,9528561.342000000178814,291.000000000000000,0.200000000000000
210.000000000000000,"L-X,6,PZEA9017-8",480507.740999999979977,9528563.073999999091029,291.000000000000000,0.150000000000000
211.000000000000000,"L-X,6,PZEA9017-9",480509.473999999987427,9528561.342000000178814,291.000000000000000,0.200000000000000
212.000000000000000,"L-X,6,PZEA2319-1",481997.347599999979138,9529150.142000000923872,275.000000000000000,0.400000000000000
213.000000000000000,"L-X,6,PZEA2319-2",481997.359300000010990,9529148.598999999463558,275.000000000000000,0.400000000000000
214.000000000000000,"L-X,6,PZEA2319-3",482120.531499999982771,9529309.528999999165535,275.000000000000000,0.400000000000000
215.000000000000000,"L-X,6,PZEA2319-4",482123.745100000000093,9529314.783999999985099,275.000000000000000,0.400000000000000
216.000000000000000,"L-X,6,PZEA2319-5",482125.371900000027381,9529316.584000000730157,275.000000000000000,0.400000000000000
217.000000000000000,"L-X,6,PZEA2319-6",482126.882199999992736,9529320.024000000208616,275.000000000000000,0.400000000000000
218.000000000000000,"L-X,6,PZEA2319-7",482125.477100000018254,9529321.711999999359250,275.000000000000000,0.400000000000000
219.000000000000000,"L-X,6,PZEA2319-8",482127.206100000010338,9529323.447000000625849,275.000000000000000,0.400000000000000
220.000000000000000,"L-X,6,PZEA2319-9",482127.368900000001304,9529326.756999999284744,275.000000000000000,0.400000000000000
221.000000000000000,"L-X,6,PZEA2319-10",482128.842500000027940,9529326.944000000134110,275.000000000000000,0.400000000000000
222.000000000000000,"L-X,6,PZEA2319-11",482130.402500000025611,9529330.410000000149012,275.000000000000000,0.400000000000000
223.000000000000000,"L-X,6,PZEA2319-12",482130.633199999982025,9529332.134999999776483,275.000000000000000,0.400000000000000
224.000000000000000,"L-X,6,PZEA2319-13",482130.784700000018347,9529333.768999999389052,275.000000000000000,0.400000000000000
225.000000000000000,"L-X,6,PZEA2319-14",482132.494300000020303,9529338.973999999463558,275.000000000000000,0.400000000000000
226.000000000000000,"L-X,6,PZEA10227-1",482535.973200000007637,9529399.653999999165535,297.000000000000000,0.300000000000000
227.000000000000000,"L-X,6,PZEA10227-2",482535.973200000007637,9529401.385999999940395,297.000000000000000,0.300000000000000
228.000000000000000,"L-X,6,PZEA10227-3",482553.260200000018813,9529418.743000000715256,297.000000000000000,0.100000000000000
229.000000000000000,"L-X,6,PZEA1875-1",482044.079000000027008,9529086.156999999657273,293.000000000000000,0.200000000000000
230.000000000000000,"L-X,6,PZEA1875-2",482061.500000000000000,9529060.189999999478459,293.000000000000000,0.200000000000000
231.000000000000000,"L-X,6,PZEA1875-3",482063.184999999997672,9529061.665999999269843,293.000000000000000,0.200000000000000
232.000000000000000,"L-X,6,PZEA1875-4",482064.854999999981374,9529059.712999999523163,293.000000000000000,0.200000000000000
233.000000000000000,"L-X,6,PZEA1875-5",482066.663000000000466,9529059.983999999240041,293.000000000000000,0.200000000000000
234.000000000000000,"L-X,6,PZEA1875-6",482066.586999999999534,9529058.439999999478459,293.000000000000000,0.200000000000000
235.000000000000000,"L-X,6,PZEA1875-7",482068.320000000006985,9529060.172000000253320,293.000000000000000,0.200000000000000
236.000000000000000,"L-X,6,PZEA1875-8",482220.739999999990687,9529018.603000000119209,293.000000000000000,0.400000000000000
237.000000000000000,"L-X,6,PZEA1875-9",482222.472000000008848,9529018.603000000119209,293.000000000000000,0.400000000000000
238.000000000000000,"L-X,6,PZEA1875-10",482222.472000000008848,9529016.870999999344349,293.000000000000000,0.400000000000000
239.000000000000000,"L-X,6,PZEA1875-11",482224.204000000027008,9529016.870999999344349,293.000000000000000,0.400000000000000
240.000000000000000,"L-X,6,PZEA1875-12",482225.935999999986961,9529016.870999999344349,293.000000000000000,0.400000000000000
241.000000000000000,"L-X,6,PZEA1875-13",482225.923000000009779,9529018.588999999687076,293.000000000000000,0.100000000000000
242.000000000000000,"L-X,6,PZEA1875-14",482227.668000000005122,9529060.172000000253320,293.000000000000000,0.100000000000000
243.000000000000000,"L-X,6,PZEA1875-15",482246.761999999987893,9529018.655999999493361,293.000000000000000,0.100000000000000
244.000000000000000,"L-X,6,PZEA1875-16",482248.452999999979511,9529020.335000000894070,293.000000000000000,0.100000000000000
245.000000000000000,"L-X,6,PZEA1875-17",482250.184999999997672,9529020.335000000894070,293.000000000000000,0.100000000000000
246.000000000000000,"L-X,6,PZEA1875-18",482250.184999999997672,9529018.603000000119209,293.000000000000000,0.100000000000000
247.000000000000000,"L-X,6,PZEA1875-19",482251.917000000015832,9529018.603000000119209,293.000000000000000,0.100000000000000
248.000000000000000,"L-X,6,PZEA1875-20",482251.917000000015832,9529020.335000000894070,293.000000000000000,0.100000000000000
249.000000000000000,"L-X,6,PZEA1875-21",482253.637999999977183,9529020.346000000834465,293.000000000000000,0.100000000000000
250.000000000000000,"L-X,6,PZEA10134-1",482762.945999999996275,9529015.248999999836087,292.000000000000000,0.100000000000000
251.000000000000000,"L-X,6,PZEA10134-2",482764.603999999992084,9529015.139000000432134,292.000000000000000,0.100000000000000
252.000000000000000,"L-X,6,PZEA10134-3",482766.121999999973923,9529014.976999999955297,292.000000000000000,0.100000000000000
253.000000000000000,"L-X,6,PZEA10134-4",482764.603999999992084,9529013.406999999657273,292.000000000000000,0.100000000000000
254.000000000000000,"L-X,6,PZEA10134-5",482764.503000000026077,9529016.771999999880791,292.000000000000000,0.100000000000000
255.000000000000000,"L-X,6,PZEA10134-6",482762.885000000009313,9529030.716000000014901,292.000000000000000,0.400000000000000
256.000000000000000,"L-X,6,PZEA10134-7",482764.606000000028871,9529030.742000000551343,292.000000000000000,0.400000000000000
257.000000000000000,"L-X,6,PZEA10134-8",482766.172000000020489,9529030.880999999120831,292.000000000000000,0.400000000000000
258.000000000000000,"L-X,6,PZEA10134-9",482766.413999999989755,9529032.278000000864267,292.000000000000000,0.400000000000000
259.000000000000000,"L-X,6,PZEA9797-1",483065.951999999990221,9528817.747999999672174,286.000000000000000,0.200000000000000
260.000000000000000,"L-X,6,PZEA9797-2",483065.981000000028871,9528819.416999999433756,286.000000000000000,0.200000000000000
261.000000000000000,"L-X,6,PZEA9797-3",483066.109999999986030,9528821.097999999299645,286.000000000000000,0.200000000000000
262.000000000000000,"L-X,6,PZEA9797-4",483067.690000000002328,9528821.112999999895692,286.000000000000000,0.200000000000000
263.000000000000000,"L-X,6,PZEA9797-5",483069.402999999991152,9528820.946000000461936,286.000000000000000,0.200000000000000
264.000000000000000,"L-X,6,PZEA9797-6",483071.049999999988358,9528819.389000000432134,286.000000000000000,0.200000000000000
265.000000000000000,"L-X,6,PZEA9797-7",483071.114999999990687,9528817.676000000908971,286.000000000000000,0.300000000000000
266.000000000000000,"L-X,6,PZEA9797-8",483071.170999999972992,9528815.948000000789762,286.000000000000000,0.300000000000000
267.000000000000000,"L-X,6,PZEA9797-9",483069.542000000015832,9528815.834000000730157,286.000000000000000,0.300000000000000
1.000000000000000,"L-X,6,PZEA10523-1",483230.592000000004191,9529404.796000000089407,292.000000000000000,0.150000000000000
2.000000000000000,"L-X,6,PZEA10523-2",483232.257999999972526,9529404.850999999791384,292.000000000000000,0.150000000000000
3.000000000000000,"L-X,6,PZEA10523-3",483235.787000000011176,9529404.785000000149012,292.000000000000000,0.150000000000000
4.000000000000000,"L-X,6,PZEA10523-4",483235.722000000008848,9529403.118000000715256,292.000000000000000,0.150000000000000
5.000000000000000,"L-X,6,PZEA10523-5",483233.989999999990687,9529401.385999999940395,292.000000000000000,0.150000000000000
6.000000000000000,"L-X,6,PZEA10523-6",483235.722000000008848,9529399.653999999165535,292.000000000000000,0.150000000000000
7.000000000000000,"L-X,6,PZEA10523-7",483237.454000000027008,9529399.653999999165535,292.000000000000000,0.150000000000000
8.000000000000000,"L-X,6,PZEA10523-8",483237.454000000027008,9529401.385999999940395,292.000000000000000,0.150000000000000
9.000000000000000,"L-X,6,PZEA10523-9",483239.190999999991618,9529397.926999999210238,292.000000000000000,0.150000000000000
10.000000000000000,"L-X,6,PZEA9409-1",483001.895000000018626,9529200.468000000342727,295.000000000000000,0.100000000000000
11.000000000000000,"L-X,6,PZEA9409-2",483002.033999999985099,9529202.100999999791384,295.000000000000000,0.100000000000000
12.000000000000000,"L-X,6,PZEA9409-3",483003.626999999978580,9529202.200999999418855,295.000000000000000,0.100000000000000
13.000000000000000,"L-X,6,PZEA9409-4",483005.358999999996740,9529202.200999999418855,295.000000000000000,0.100000000000000
14.000000000000000,"L-X,6,PZEA9409-5",483005.358999999996740,9529200.468000000342727,295.000000000000000,0.100000000000000
15.000000000000000,"L-X,6,PZEA9409-6",483003.626999999978580,9529200.468000000342727,295.000000000000000,0.100000000000000
16.000000000000000,"L-X,6,PZEA9409-7",483005.358999999996740,9529212.593000000342727,295.000000000000000,0.400000000000000
17.000000000000000,"L-X,6,PZEA9409-8",483005.439000000013039,9529214.275000000372529,295.000000000000000,0.400000000000000
18.000000000000000,"L-X,6,PZEA9409-9",483007.091000000014901,9529214.324999999254942,295.000000000000000,0.400000000000000
19.000000000000000,"L-X,6,PZEA9409-10",483008.604999999981374,9529212.711999999359250,295.000000000000000,0.400000000000000
20.000000000000000,"L-X,6,PZEA2293-1",483057.389000000024680,9528971.889000000432134,291.000000000000000,0.400000000000000
21.000000000000000,"L-X,6,PZEA2293-2",483059.018999999971129,9528973.619000000879169,291.000000000000000,0.400000000000000
22.000000000000000,"L-X,6,PZEA2293-3",483059.006999999983236,9528975.269999999552965,291.000000000000000,0.400000000000000
23.000000000000000,"L-X,6,PZEA2293-4",483057.390000000013970,9528977.081000000238419,291.000000000000000,0.400000000000000
24.000000000000000,"L-X,6,PZEA2293-5",483067.697999999974854,9528997.792999999597669,291.000000000000000,0.200000000000000
25.000000000000000,"L-X,6,PZEA2293-6",483069.405000000027940,9528996.313999999314547,291.000000000000000,0.200000000000000
26.000000000000000,"L-X,6,PZEA1369-1",480601.275000000023283,9528944.106000000610948,285.000000000000000,0.150000000000000
27.000000000000000,"L-X,6,PZEA1369-2",480601.449000000022352,9528942.585000000894070,285.000000000000000,0.150000000000000
28.000000000000000,"L-X,6,PZEA1369-3",480602.909999999974389,9528942.474999999627471,285.000000000000000,0.150000000000000
29.000000000000000,"L-X,6,PZEA1369-4",480620.325000000011642,9528944.125000000000000,285.000000000000000,0.100000000000000
30.000000000000000,"L-X,6,PZEA1369-5",480620.347000000008848,9528942.423000000417233,285.000000000000000,0.100000000000000
31.000000000000000,"L-X,6,PZEA1369-6",480622.056999999971595,9528942.392999999225140,285.000000000000000,0.100000000000000
32.000000000000000,"L-X,6,PZEA1369-7",480623.565999999991618,9528942.421000000089407,285.000000000000000,0.100000000000000
33.000000000000000,"L-X,6,PZEA2331-1",482239.793000000005122,9529671.585999999195337,295.000000000000000,0.250000000000000
34.000000000000000,"L-X,6,PZEA2331-2",482239.802000000025146,9529673.266000000759959,295.000000000000000,0.250000000000000
35.000000000000000,"L-X,6,PZEA2331-3",482276.166000000026543,9529533.021999999880791,295.000000000000000,0.400000000000000
36.000000000000000,"L-X,6,PZEA2331-4",482276.246999999973923,9529531.337999999523163,295.000000000000000,0.400000000000000
37.000000000000000,"L-X,6,PZEA2331-5",482277.897999999986496,9529529.558000000193715,295.000000000000000,0.400000000000000
38.000000000000000,"L-X,6,PZEA2331-6",482279.628000000026077,9529529.555999999865890,295.000000000000000,0.400000000000000
39.000000000000000,"L-X,6,PZEA2331-7",482276.332999999984168,9529527.737999999895692,295.000000000000000,0.400000000000000
40.000000000000000,"L-X,6,PZEA2331-8",482284.847999999998137,9529541.663000000640750,295.000000000000000,0.350000000000000
41.000000000000000,"L-X,6,PZEA2331-9",482284.868000000016764,9529540.208000000566244,295.000000000000000,0.350000000000000
42.000000000000000,"L-X,6,PZEA2331-10",482286.549999999988358,9529543.422000000253320,295.000000000000000,0.350000000000000
43.000000000000000,"L-X,6,MNF-MC05-ZA01-1",484222.947999999974854,9526127.955000000074506,266.000000000000000,0.150000000000000
44.000000000000000,"L-X,6,MNF-MC05-ZA01-2",484257.631999999983236,9526266.373999999836087,266.000000000000000,0.200000000000000
45.000000000000000,"L-X,6,MNF-MC05-ZA01-3",484257.770000000018626,9526264.709000000730157,266.000000000000000,0.200000000000000
46.000000000000000,"L-X,6,MNF-MC05-ZA01-4",484259.364000000001397,9526264.642000000923872,266.000000000000000,0.200000000000000
47.000000000000000,"L-X,6,MNF-MC05-ZA01-5",484261.087999999988824,9526264.650000000372529,266.000000000000000,0.200000000000000
48.000000000000000,"L-X,6,MNF-MC05-ZA01-6",484280.148999999975786,9526231.732999999076128,266.000000000000000,0.100000000000000
49.000000000000000,"L-X,6,MNF-MC05-ZA01-7",484280.148999999975786,9526233.464999999850988,266.000000000000000,0.100000000000000
50.000000000000000,"L-X,6,MNF-MC05-ZA01-8",484281.880999999993946,9526233.464999999850988,266.000000000000000,0.100000000000000
51.000000000000000,"L-X,6,MNF-MC05-ZA01-9",484283.610999999975320,9526233.460999999195337,266.000000000000000,0.100000000000000
52.000000000000000,"L-X,6,MNF-MC05-ZA01-10",484285.344999999972060,9526233.464999999850988,266.000000000000000,0.100000000000000
53.000000000000000,"L-X,6,MNF-MC05-ZA01-11",484285.354999999981374,9526235.187999999150634,266.000000000000000,0.100000000000000
54.000000000000000,"L-X,6,MNF-MC05-ZA01-12",484295.729999999981374,9526233.457000000402331,266.000000000000000,0.100000000000000
55.000000000000000,"L-X,6,MNF-MC05-ZA01-13",484300.931999999971595,9526231.706000000238419,266.000000000000000,0.100000000000000
56.000000000000000,"L-X,6,MNF-MC05-ZA01-14",484302.647999999986496,9526230.019999999552965,266.000000000000000,0.100000000000000
57.000000000000000,"L-X,6,MNF-MC05-ZA01-15",484302.624000000010710,9526171.165999999269843,266.000000000000000,0.100000000000000
58.000000000000000,"L-X,6,MNF-MC05-ZA01-16",484302.664999999979045,9526172.843000000342727,266.000000000000000,0.100000000000000
59.000000000000000,"L-X,6,MNF-MC05-ZA01-17",484304.396999999997206,9526174.574999999254942,266.000000000000000,0.100000000000000
60.000000000000000,"L-X,6,MNF-MC05-ZA01-18",484304.286000000021886,9526176.206000000238419,266.000000000000000,0.100000000000000
61.000000000000000,"L-X,6,PZEA9536-1",484046.343999999982771,9526420.801000000908971,273.000000000000000,0.150000000000000
62.000000000000000,"L-X,6,PZEA9536-2",484048.071999999985565,9526420.710000000894070,273.000000000000000,0.150000000000000
63.000000000000000,"L-X,6,PZEA9536-3",484037.674999999988358,9526422.005999999120831,273.000000000000000,0.150000000000000
64.000000000000000,"L-X,6,PZEA9844-1",484082.762999999977183,9526257.930999999865890,267.000000000000000,0.300000000000000
65.000000000000000,"L-X,6,PZEA9844-2",484082.826000000000931,9526259.247999999672174,267.000000000000000,0.300000000000000
66.000000000000000,"L-X,6,PZEA9844-3",484084.373000000021420,9526259.496999999508262,267.000000000000000,0.300000000000000
67.000000000000000,"L-X,6,PZEA9534-1",484443.005999999993946,9526432.657999999821186,269.000000000000000,0.100000000000000
68.000000000000000,"L-X,6,PZEA9534-2",484443.134000000020023,9526431.000000000000000,269.000000000000000,0.100000000000000
69.000000000000000,"L-X,6,PZEA9534-3",484455.086000000010245,9526443.042999999597669,269.000000000000000,0.100000000000000
70.000000000000000,"L-X,6,MNF-MC9H-ZA01-1",483149.099999999976717,9528925.043999999761581,281.000000000000000,0.300000000000000
71.000000000000000,"L-X,6,MNF-MC9H-ZA01-2",483150.853999999992084,9528926.807000000029802,281.000000000000000,0.300000000000000
72.000000000000000,"L-X,6,MNF-MC9H-ZA01-3",483152.580000000016298,9528928.532999999821186,281.000000000000000,0.300000000000000
73.000000000000000,"L-X,6,MNF-MC9H-ZA01-4",483154.310999999986961,9528923.343000000342727,281.000000000000000,0.300000000000000
74.000000000000000,"L-X,6,MNF-MC9H-ZA01-5",483157.935999999986961,9528930.451999999582767,281.000000000000000,0.300000000000000
75.000000000000000,"L-X,6,MNF-MC9H-ZA01-6",483157.903999999980442,9528931.894999999552965,281.000000000000000,0.300000000000000
76.000000000000000,"L-X,6,MNF-MC9H-ZA01-7",483159.511999999987893,9528932.000000000000000,281.000000000000000,0.300000000000000
77.000000000000000,"L-X,6,MNF-MC9H-ZA01-8",483161.239999999990687,9528931.996999999508262,281.000000000000000,0.300000000000000
78.000000000000000,"L-X,6,PZEA10226-1",482858.135999999998603,9529564.200999999418855,297.000000000000000,0.100000000000000
79.000000000000000,"L-X,6,PZEA10226-2",482859.792000000015832,9529562.410000000149012,297.000000000000000,0.100000000000000
80.000000000000000,"L-X,6,PZEA10226-3",482863.315999999991618,9529562.424000000581145,297.000000000000000,0.100000000000000
81.000000000000000,"L-X,6,PZEA2292-1",483197.608999999996740,9529560.486999999731779,295.000000000000000,0.100000000000000
82.000000000000000,"L-X,6,PZEA2292-2",483197.617000000027474,9529559.003000000491738,295.000000000000000,0.100000000000000
83.000000000000000,"L-X,6,PZEA2292-3",483201.081000000005588,9529559.003000000491738,295.000000000000000,0.100000000000000
84.000000000000000,"L-X,6,PZEA2292-4",483202.564000000013039,9529553.775000000372529,295.000000000000000,0.100000000000000
85.000000000000000,"L-X,6,PZEA2292-5",483202.721000000019558,9529552.043999999761581,295.000000000000000,0.100000000000000
86.000000000000000,"L-X,6,PZEA2292-6",483202.908999999985099,9529550.396999999880791,295.000000000000000,0.100000000000000
87.000000000000000,"L-X,6,PZEA2292-7",483215.010999999998603,9529519.203999999910593,295.000000000000000,0.100000000000000
88.000000000000000,"L-X,6,PZEA2292-8",483216.449000000022352,9529517.375000000000000,295.000000000000000,0.100000000000000
89.000000000000000,"L-X,6,PZEA2292-9",483216.646999999997206,9529515.692999999970198,295.000000000000000,0.100000000000000
90.000000000000000,"L-X,6,PZEA10224-1",483083.221000000019558,9529586.762000000104308,300.000000000000000,0.100000000000000
91.000000000000000,"L-X,6,PZEA10224-2",483086.814000000013039,9529590.133999999612570,300.000000000000000,0.100000000000000
92.000000000000000,"L-X,6,PZEA10224-3",483109.282000000006519,9529595.376000000163913,300.000000000000000,0.400000000000000
93.000000000000000,"L-X,6,PZEA1186-1",484422.390000000013970,9526280.158999999985099,265.000000000000000,0.100000000000000
94.000000000000000,"L-X,6,PZEA1186-2",484424.000999999989290,9526278.675000000745058,265.000000000000000,0.100000000000000
95.000000000000000,"L-X,6,PZEA1186-3",484437.847999999998137,9526278.388000000268221,265.000000000000000,0.200000000000000
96.000000000000000,"L-X,6,PZEA1186-4",484439.496999999973923,9526278.497999999672174,265.000000000000000,0.200000000000000
97.000000000000000,"L-X,6,PZEA1186-5",484439.385999999998603,9526276.937000000849366,265.000000000000000,0.200000000000000
98.000000000000000,"L-X,6,PZEA1186-6",484463.814000000013039,9526295.612999999895692,265.000000000000000,0.300000000000000
99.000000000000000,"L-X,6,PZEA1186-7",484465.478999999992084,9526295.817999999970198,265.000000000000000,0.300000000000000
100.000000000000000,"L-X,6,PZEA1186-8",484465.651000000012573,9526297.391000000759959,265.000000000000000,0.300000000000000
101.000000000000000,"L-X,6,PZEA1186-9",484468.941999999980908,9526297.551000000908971,265.000000000000000,0.300000000000000
102.000000000000000,"L-X,6,PZEA1186-10",484468.941999999980908,9526295.819000000134110,265.000000000000000,0.300000000000000
103.000000000000000,"L-X,6,PZEA1186-11",484467.210000000020955,9526294.086999999359250,265.000000000000000,0.300000000000000
104.000000000000000,"L-X,6,PZEA1186-12",484465.478000000002794,9526294.086999999359250,265.000000000000000,0.300000000000000
105.000000000000000,"L-X,6,PZEA1186-13",484468.941999999980908,9526292.355000000447035,265.000000000000000,0.300000000000000
106.000000000000000,"L-X,6,PZEA1186-14",484468.941999999980908,9526290.622999999672174,265.000000000000000,0.300000000000000
107.000000000000000,"L-X,6,PZEA1186-16",484467.216000000014901,9526285.438999999314547,265.000000000000000,0.300000000000000
108.000000000000000,"L-X,6,PZEA1186-17",484475.869999999995343,9526292.355000000447035,265.000000000000000,0.300000000000000
109.000000000000000,"L-X,6,PZEA1185-1",483899.097000000008848,9526417.062999999150634,277.000000000000000,0.100000000000000
110.000000000000000,"L-X,6,PZEA1185-2",483900.829000000027008,9526417.062999999150634,277.000000000000000,0.100000000000000
111.000000000000000,"L-X,6,PZEA1185-3",483902.545999999972992,9526418.810000000521541,277.000000000000000,0.100000000000000
112.000000000000000,"L-X,6,PZEA1185-4",483904.217999999993481,9526420.594000000506639,277.000000000000000,0.100000000000000
113.000000000000000,"L-X,6,PZEA1185-5",483904.293000000005122,9526422.257999999448657,277.000000000000000,0.100000000000000
114.000000000000000,"L-X,6,PZEA1185-6",483899.097000000008848,9526418.794999999925494,277.000000000000000,0.100000000000000
115.000000000000000,"L-X,6,PZEA1185-7",483935.484999999986030,9526401.487999999895692,277.000000000000000,0.100000000000000
116.000000000000000,"L-X,6,PZEA1185-8",483937.155000000027940,9526401.430999999865890,277.000000000000000,0.100000000000000
117.000000000000000,"L-X,6,PZEA1185-9",483937.201999999990221,9526399.742000000551343,277.000000000000000,0.100000000000000
118.000000000000000,"L-X,6,PZEA1185-10",483937.369999999995343,9526398.172000000253320,277.000000000000000,0.100000000000000
119.000000000000000,"L-X,6,PZEA9302-1",484075.914999999979045,9526663.002000000327826,278.000000000000000,0.100000000000000
120.000000000000000,"L-X,6,PZEA9302-2",484077.499000000010710,9526663.014000000432134,278.000000000000000,0.100000000000000
121.000000000000000,"L-X,6,PZEA9302-3",484077.499000000010710,9526661.281999999657273,278.000000000000000,0.100000000000000
122.000000000000000,"L-X,6,PZEA9302-4",484077.499000000010710,9526664.745999999344349,278.000000000000000,0.100000000000000
123.000000000000000,"L-X,6,PZEA9302-5",484077.499000000010710,9526666.478000000119209,278.000000000000000,0.100000000000000
124.000000000000000,"L-X,6,PZEA9302-6",484082.695000000006985,9526617.980000000447035,278.000000000000000,0.150000000000000
125.000000000000000,"L-X,6,PZEA9302-7",484084.501999999978580,9526616.379000000655651,278.000000000000000,0.150000000000000
126.000000000000000,"L-X,6,PZEA9302-8",484086.158999999985099,9526616.247999999672174,278.000000000000000,0.150000000000000
127.000000000000000,"L-X,6,PZEA9302-9",484084.423999999999069,9526619.710000000894070,278.000000000000000,0.150000000000000
128.000000000000000,"L-X,6,PZEA9573-1",483724.242000000027474,9526463.765000000596046,266.000000000000000,0.400000000000000
129.000000000000000,"L-X,6,PZEA9573-2",483725.891999999992549,9526462.096000000834465,266.000000000000000,0.400000000000000
130.000000000000000,"L-X,6,PZEA9573-3",483727.489000000001397,9526461.980000000447035,266.000000000000000,0.400000000000000
131.000000000000000,"L-X,6,PZEA9573-4",483727.413000000000466,9526460.486999999731779,266.000000000000000,0.400000000000000
132.000000000000000,"L-X,6,PZEA9573-5",483732.820999999996275,9526474.220000000670552,266.000000000000000,0.150000000000000
133.000000000000000,"L-X,6,PZEA9573-6",483732.875000000000000,9526475.947000000625849,266.000000000000000,0.150000000000000
134.000000000000000,"L-X,6,PZEA9573-7",483734.553000000014435,9526474.220000000670552,266.000000000000000,0.150000000000000
135.000000000000000,"L-X,6,PZEA1951-1",483618.505000000004657,9526676.869999999180436,266.000000000000000,0.150000000000000
136.000000000000000,"L-X,6,PZEA1951-2",483620.237000000022817,9526678.601999999955297,266.000000000000000,0.150000000000000
137.000000000000000,"L-X,6,PZEA1951-3",483621.930999999982305,9526678.563999999314547,266.000000000000000,0.150000000000000
138.000000000000000,"L-X,6,PZEA1951-4R",483653.146000000007916,9526663.014000000432134,266.000000000000000,0.300000000000000
139.000000000000000,"L-X,6,PZEA1951-5R",483654.878000000026077,9526659.549000000581145,266.000000000000000,0.300000000000000
140.000000000000000,"L-X,6,PZEA1951-6R",483658.342000000004191,9526666.476999999955297,266.000000000000000,0.300000000000000
141.000000000000000,"L-X,6,PZEA1951-7R",483665.283999999985099,9526666.494000000879169,266.000000000000000,0.300000000000000
142.000000000000000,"L-X,6,PZEA9548-1",483762.210000000020955,9526250.880000000819564,272.000000000000000,0.300000000000000
143.000000000000000,"L-X,6,PZEA9548-2",483763.996999999973923,9526254.250000000000000,272.000000000000000,0.300000000000000
144.000000000000000,"L-X,6,PZEA9548-3",483763.996999999973923,9526255.982000000774860,272.000000000000000,0.300000000000000
145.000000000000000,"L-X,6,PZEA9548-4",483762.362000000022817,9526255.859999999403954,272.000000000000000,0.300000000000000
146.000000000000000,"L-X,6,PZEA9548-5",483767.461999999999534,9526255.982000000774860,272.000000000000000,0.300000000000000
147.000000000000000,"L-X,6,PZEA9548-6",483769.194000000017695,9526255.982000000774860,272.000000000000000,0.300000000000000
148.000000000000000,"L-X,6,PZEA9548-7",483770.925999999977648,9526255.982000000774860,272.000000000000000,0.300000000000000
149.000000000000000,"L-X,6,PZEA9548-8",483770.925999999977648,9526254.250000000000000,272.000000000000000,0.300000000000000
150.000000000000000,"L-X,6,PZEA9548-9",483786.514000000024680,9526264.642000000923872,272.000000000000000,0.100000000000000
151.000000000000000,"L-X,6,PZEA9548-10",483786.526000000012573,9526266.355000000447035,272.000000000000000,0.100000000000000
152.000000000000000,"L-X,6,PZEA9548-11",483788.245999999984633,9526264.642000000923872,272.000000000000000,0.100000000000000
153.000000000000000,"L-X,6,PZEA9548-12",483789.978000000002794,9526264.642000000923872,272.000000000000000,0.100000000000000
154.000000000000000,"L-X,6,PZEA9548-13",483791.710000000020955,9526264.642000000923872,272.000000000000000,0.100000000000000
155.000000000000000,"L-X,6,PZEA9548-14",483791.710000000020955,9526262.910000000149012,272.000000000000000,0.100000000000000
156.000000000000000,"L-X,6,PZEA9527-1",484172.978999999992084,9526032.398000000044703,268.000000000000000,0.200000000000000
157.000000000000000,"L-X,6,PZEA9527-2",484174.493000000016764,9526032.547000000253320,268.000000000000000,0.200000000000000
158.000000000000000,"L-X,6,PZEA9527-3",484176.224999999976717,9526032.547000000253320,268.000000000000000,0.200000000000000
159.000000000000000,"L-X,6,PZEA9527-4",484186.641000000003260,9526034.364000000059605,268.000000000000000,0.400000000000000
160.000000000000000,"L-X,6,PZEA9527-5",484186.669999999983702,9526035.935000000521541,268.000000000000000,0.400000000000000
161.000000000000000,"L-X,6,PZEA9527-6",484188.349999999976717,9526036.010999999940395,268.000000000000000,0.400000000000000
162.000000000000000,"L-X,6,PZEA9527-7",484188.340000000025611,9526034.291999999433756,268.000000000000000,0.400000000000000
163.000000000000000,"L-X,6,PZEA9527-8",484190.081999999994878,9526036.010999999940395,268.000000000000000,0.400000000000000
164.000000000000000,"L-X,6,PZEA9527-9",484190.081999999994878,9526037.743000000715256,268.000000000000000,0.400000000000000
165.000000000000000,"L-X,6,PZEA9527-10",484195.303000000014435,9526039.331000000238419,268.000000000000000,0.400000000000000
166.000000000000000,"L-X,6,PZEA9527-11",484195.277999999991152,9526036.010999999940395,268.000000000000000,0.400000000000000
167.000000000000000,"L-X,6,PZEA9838-1",483819.359999999986030,9526094.958000000566244,271.000000000000000,0.100000000000000
168.000000000000000,"L-X,6,PZEA9838-2",483819.493000000016764,9526098.114000000059605,271.000000000000000,0.100000000000000
169.000000000000000,"L-X,6,PZEA9838-3",483840.210000000020955,9526087.975999999791384,271.000000000000000,0.100000000000000
170.000000000000000,"L-X,6,PZEA9558-1",484337.305999999982305,9526112.221000000834465,255.000000000000000,0.250000000000000
171.000000000000000,"L-X,6,PZEA9558-2",484337.310999999986961,9526110.494999999180436,255.000000000000000,0.250000000000000
172.000000000000000,"L-X,6,PZEA9558-3",484337.305999999982305,9526113.953999999910593,255.000000000000000,0.250000000000000
173.000000000000000,"L-X,6,PZEA9558-4",484340.770000000018626,9526112.221000000834465,255.000000000000000,0.250000000000000
174.000000000000000,"L-X,6,PZEA9558-5",484340.770000000018626,9526110.489000000059605,255.000000000000000,0.250000000000000
175.000000000000000,"L-X,6,PZEA9558-6",484344.234999999986030,9526112.221000000834465,255.000000000000000,0.250000000000000
176.000000000000000,"L-X,6,PZEA9558-7",484344.234999999986030,9526113.953999999910593,255.000000000000000,0.250000000000000
177.000000000000000,"L-X,6,PZEA9558-8",484344.234999999986030,9526115.686000000685453,255.000000000000000,0.250000000000000
178.000000000000000,"L-X,6,PZEA9558-9",484342.545999999972992,9526115.625000000000000,255.000000000000000,0.250000000000000
179.000000000000000,"L-X,6,PZEA9558-10",484347.699000000022352,9526124.346000000834465,255.000000000000000,0.300000000000000
180.000000000000000,"L-X,6,PZEA9558-11",484349.430999999982305,9526124.346000000834465,255.000000000000000,0.300000000000000
181.000000000000000,"L-X,6,PZEA9558-12",484349.430999999982305,9526126.077999999746680,255.000000000000000,0.300000000000000
182.000000000000000,"L-X,6,PZEA9558-13",484347.699000000022352,9526126.077999999746680,255.000000000000000,0.300000000000000
183.000000000000000,"L-X,6,PZEA9558-14",484347.668000000005122,9526127.565999999642372,255.000000000000000,0.300000000000000
184.000000000000000,"L-X,6,PZEA9558-15",484351.163000000000466,9526124.346000000834465,255.000000000000000,0.300000000000000
185.000000000000000,"L-X,6,PZEA5957-1",484486.207999999984168,9526593.660000000149012,265.000000000000000,0.300000000000000
186.000000000000000,"L-X,6,PZEA5957-2",484486.262999999977183,9526592.000000000000000,269.000000000000000,0.300000000000000
187.000000000000000,"L-X,6,PZEA5957-3",484487.994999999995343,9526592.000000000000000,269.000000000000000,0.300000000000000
188.000000000000000,"L-X,6,PZEA5957-4",484487.994999999995343,9526593.400000000372529,269.000000000000000,0.300000000000000
189.000000000000000,"L-X,6,PZEA5957-5",484486.262999999977183,9526590.267999999225140,269.000000000000000,0.300000000000000
190.000000000000000,"L-X,6,PZEA5957-6",484487.887999999977183,9526588.736999999731779,269.000000000000000,0.300000000000000
191.000000000000000,"L-X,6,PZEA5957-7",484489.560999999986961,9526609.400000000372529,269.000000000000000,0.150000000000000
192.000000000000000,"L-X,6,PZEA5957-8",484489.727000000013504,9526611.051999999210238,269.000000000000000,0.150000000000000
193.000000000000000,"L-X,6,PZEA5957-9",484493.166000000026543,9526616.256999999284744,269.000000000000000,0.150000000000000
194.000000000000000,"L-X,6,PZEA5957-10",484493.147999999986496,9526624.952999999746680,269.000000000000000,0.150000000000000
195.000000000000000,"L-X,6,PZEA5957-11",484493.190999999991618,9526626.641000000759959,269.000000000000000,0.150000000000000
196.000000000000000,"L-X,6,PZEA5957-12",484494.923000000009779,9526626.641000000759959,269.000000000000000,0.150000000000000
197.000000000000000,"L-X,6,PZEA9848-1",483384.696999999985565,9527480.422000000253320,278.000000000000000,0.250000000000000
198.000000000000000,"L-X,6,PZEA9848-2",483384.827999999979511,9527479.028000000864267,278.000000000000000,0.250000000000000
199.000000000000000,"L-X,6,PZEA9848-3",483386.409999999974389,9527478.810000000521541,278.000000000000000,0.250000000000000
200.000000000000000,"L-X,6,PZEA9848-4",483386.417000000015832,9527480.527000000700355,278.000000000000000,0.200000000000000
201.000000000000000,"L-X,6,PZEA9569-1",480848.956000000005588,9527418.187999999150634,283.000000000000000,0.150000000000000
202.000000000000000,"L-X,6,PZEA9569-2",480852.293999999994412,9527414.528999999165535,283.000000000000000,0.150000000000000
203.000000000000000,"L-X,6,PZEA9569-3",480850.688000000023749,9527412.992000000551343,283.000000000000000,0.150000000000000
204.000000000000000,"L-X,6,PZEA9569-4",480852.419999999983702,9527411.259999999776483,283.000000000000000,0.150000000000000
205.000000000000000,"L-X,6,PZEA9569-5",480854.074000000022352,9527411.236999999731779,283.000000000000000,0.150000000000000
206.000000000000000,"L-X,6,PZEA9569-6",480852.419999999983702,9527409.528000000864267,283.000000000000000,0.150000000000000
207.000000000000000,"L-X,6,PZEA9569-7",480850.688000000023749,9527409.528000000864267,283.000000000000000,0.150000000000000
208.000000000000000,"L-X,6,PZEA9569-8",480871.548000000009779,9527416.470000000670552,283.000000000000000,0.100000000000000
209.000000000000000,"L-X,6,PZEA9569-9",480873.151000000012573,9527416.506999999284744,283.000000000000000,0.100000000000000
210.000000000000000,"L-X,6,PZEA9569-10",480873.244999999995343,9527418.146999999880791,283.000000000000000,0.100000000000000
211.000000000000000,"L-X,6,PZEA9089-1",479458.118000000016764,9526491.186000000685453,264.000000000000000,0.400000000000000
212.000000000000000,"L-X,6,PZEA9089-2",479458.119000000006054,9526489.809000000357628,264.000000000000000,0.400000000000000
213.000000000000000,"L-X,6,PZEA9089-3",479459.851000000024214,9526489.809000000357628,264.000000000000000,0.400000000000000
214.000000000000000,"L-X,6,PZEA9089-4",479461.582999999984168,9526489.809000000357628,264.000000000000000,0.400000000000000
215.000000000000000,"L-X,6,PZEA9089-5",479461.582999999984168,9526488.076999999582767,264.000000000000000,0.400000000000000
216.000000000000000,"L-X,6,PZEA9089-6",479463.315000000002328,9526486.344000000506639,264.000000000000000,0.400000000000000
217.000000000000000,"L-X,6,PZEA9089-7",479465.047000000020489,9526486.344000000506639,264.000000000000000,0.400000000000000
218.000000000000000,"L-X,6,PZEA9089-8",479466.778999999980442,9526484.612999999895692,264.000000000000000,0.400000000000000
219.000000000000000,"L-X,6,PZEA9089-9",479461.742000000027474,9526483.156999999657273,264.000000000000000,0.400000000000000
220.000000000000000,"L-X,6,PZEA9089-10",479473.706999999994878,9526470.755999999120831,264.000000000000000,0.200000000000000
221.000000000000000,"L-X,6,PZEA9089-11",479473.743000000016764,9526469.054999999701977,264.000000000000000,0.200000000000000
222.000000000000000,"L-X,6,PZEA9089-12",479475.439000000013039,9526469.024000000208616,264.000000000000000,0.200000000000000
223.000000000000000,"L-X,6,PZEA9089-13",479475.430999999982305,9526470.748999999836087,264.000000000000000,0.200000000000000
224.000000000000000,"L-X,6,PZEA622-1",479439.065999999991618,9527764.382999999448657,281.000000000000000,0.100000000000000
225.000000000000000,"L-X,6,PZEA622-2",479440.590000000025611,9527762.786000000312924,281.000000000000000,0.100000000000000
226.000000000000000,"L-X,6,PZEA622-3",479442.304999999993015,9527759.305999999865890,281.000000000000000,0.100000000000000
227.000000000000000,"L-X,6,PZEA622-4",479442.565999999991618,9527757.692999999970198,281.000000000000000,0.100000000000000
228.000000000000000,"L-X,6,PZEA622-5",479452.934999999997672,9527755.927999999374151,281.000000000000000,0.150000000000000
229.000000000000000,"L-X,6,PZEA622-6",479453.108999999996740,9527757.614000000059605,281.000000000000000,0.150000000000000
230.000000000000000,"L-X,6,PZEA622-7",479454.655000000027940,9527755.937999999150634,281.000000000000000,0.150000000000000
231.000000000000000,"L-X,6,PZEA622-8",479456.340000000025611,9527755.912000000476837,281.000000000000000,0.150000000000000
232.000000000000000,"L-X,6,PZEA9954-1R",479716.161000000021886,9526716.685000000521541,283.000000000000000,0.300000000000000
233.000000000000000,"L-X,6,PZEA9954-2R",479710.961000000010245,9526708.122999999672174,283.000000000000000,0.100000000000000
234.000000000000000,"L-X,6,PZEA9954-3R",479709.326000000000931,9526714.699999999254942,283.000000000000000,0.400000000000000
235.000000000000000,"L-X,6,PZEA9954-4",479667.793999999994412,9526718.384999999776483,283.000000000000000,0.250000000000000
236.000000000000000,"L-X,6,PZEA9954-5",479671.032999999995809,9526716.632999999448657,283.000000000000000,0.250000000000000
237.000000000000000,"L-X,6,PZEA9954-6",479676.429999999993015,9526713.302999999374151,283.000000000000000,0.250000000000000
238.000000000000000,"L-X,6,PZEA9954-7",479678.218999999982771,9526711.712999999523163,283.000000000000000,0.250000000000000
239.000000000000000,"L-X,6,PZEA9954-8",479684.982000000018161,9526709.706000000238419,283.000000000000000,0.150000000000000
240.000000000000000,"L-X,6,PZEA9954-9",479684.956000000005588,9526708.216000000014901,283.000000000000000,0.150000000000000
241.000000000000000,"L-X,6,PZEA9954-10",479688.446999999985565,9526707.841000000014901,283.000000000000000,0.150000000000000
242.000000000000000,"L-X,6,PZEA9954-11",479690.259000000020023,9526707.971000000834465,283.000000000000000,0.150000000000000
243.000000000000000,"L-X,6,PZEA5787-1",479941.344999999972060,9526621.550000000745058,278.000000000000000,0.100000000000000
244.000000000000000,"L-X,6,PZEA5787-2",479941.360999999975320,9526623.176999999210238,278.000000000000000,0.100000000000000
245.000000000000000,"L-X,6,PZEA5787-3",479943.059000000008382,9526621.644999999552965,278.000000000000000,0.100000000000000
246.000000000000000,"L-X,6,PZEA5787-4",479944.825000000011642,9526623.176999999210238,278.000000000000000,0.200000000000000
247.000000000000000,"L-X,6,PZEA5787-5",479944.825000000011642,9526624.908999999985099,278.000000000000000,0.200000000000000
248.000000000000000,"L-X,6,PZEA5787-6",479944.804999999993015,9526626.648000000044703,278.000000000000000,0.200000000000000
249.000000000000000,"L-X,6,PZEA5787-7",479944.848999999987427,9526628.359999999403954,278.000000000000000,0.200000000000000
250.000000000000000,"L-X,6,PZEA5787-8",479946.465000000025611,9526628.461999999359250,278.000000000000000,0.200000000000000
251.000000000000000,"L-X,6,PZEA689-1",479835.755999999993946,9526874.567999999970198,282.000000000000000,0.250000000000000
252.000000000000000,"L-X,6,PZEA689-2",479837.456999999994878,9526874.357999999076128,282.000000000000000,0.250000000000000
253.000000000000000,"L-X,6,PZEA689-3",479839.169999999983702,9526874.323999999091029,282.000000000000000,0.250000000000000
254.000000000000000,"L-X,6,PZEA689-4",479842.701999999990221,9526879.603000000119209,282.000000000000000,0.250000000000000
255.000000000000000,"L-X,6,PZEA689-5",479840.951000000000931,9526881.205000000074506,282.000000000000000,0.250000000000000
256.000000000000000,"L-X,6,PZEA9071-1",480034.867000000027474,9526789.421000000089407,280.000000000000000,0.100000000000000
257.000000000000000,"L-X,6,PZEA9071-2",480038.359999999986030,9526787.730000000447035,280.000000000000000,0.100000000000000
258.000000000000000,"L-X,6,PZEA9071-3",480045.260999999998603,9526787.698000000789762,280.000000000000000,0.100000000000000
259.000000000000000,"L-X,6,PZEA627-1",479206.998000000021420,9527849.505999999120831,275.000000000000000,0.150000000000000
260.000000000000000,"L-X,6,PZEA627-2",479207.061999999976251,9527851.144999999552965,275.000000000000000,0.150000000000000
261.000000000000000,"L-X,6,PZEA627-3",479208.599999999976717,9527851.010999999940395,275.000000000000000,0.150000000000000
262.000000000000000,"L-X,6,PZEA627-4",479208.717000000004191,9527849.484999999403954,275.000000000000000,0.150000000000000
263.000000000000000,"L-X,6,PZEA9267-1",479752.593999999982771,9526555.614000000059605,260.000000000000000,0.300000000000000
264.000000000000000,"L-X,6,PZEA9267-2",479754.308000000019092,9526557.349999999627471,260.000000000000000,0.300000000000000
265.000000000000000,"L-X,6,PZEA9267-3",479754.387999999977183,9526560.879000000655651,260.000000000000000,0.300000000000000
266.000000000000000,"L-X,6,PZEA9267-4",479755.768999999971129,9526560.870999999344349,260.000000000000000,0.300000000000000
